#pragma once
#include "epd_driver.h"
const uint8_t InterBold24Bitmaps[16104] = {
    0x78, 0x9C, 0x03, 0x00, 0x00, 0x00, 0x00, 0x01, 0x78, 0x9C, 0x73, 0x08, 0x0D, 0x0D, 0x65, 0xBD,
    0xF0, 0xFF, 0xFF, 0x7F, 0xFE, 0x03, 0x70, 0x62, 0x03, 0x8C, 0xE0, 0x5B, 0x00, 0x23, 0x78, 0xC1,
    0xC4, 0x04, 0x18, 0xC1, 0xD3, 0x00, 0x23, 0xB8, 0x0B, 0x60, 0x04, 0x57, 0x02, 0x8C, 0xE0, 0x04,
    0x13, 0x01, 0x30, 0x82, 0xC3, 0x01, 0x46, 0xB0, 0x1B, 0xC0, 0x08, 0x36, 0x05, 0x18, 0xC1, 0xCA,
    0x20, 0x28, 0x28, 0xC8, 0x80, 0x04, 0x36, 0xFD, 0xB7, 0x61, 0x00, 0x29, 0x61, 0x05, 0xB9, 0x85,
    0xEF, 0x23, 0x90, 0xF0, 0x07, 0x11, 0xF1, 0x0F, 0x80, 0x84, 0x3E, 0xC8, 0x22, 0x4E, 0x86, 0x1F,
    0xFF, 0xD7, 0x33, 0x30, 0x28, 0xA4, 0x31, 0x33, 0x00, 0x00, 0x6E, 0x25, 0x74, 0xCD, 0x78, 0x9C,
    0x0B, 0x0A, 0x0D, 0x65, 0x10, 0x08, 0x0D, 0x65, 0xFD, 0xF1, 0xFF, 0x3D, 0x43, 0xC0, 0xFF, 0xFF,
    0xF2, 0xB4, 0xA6, 0x8B, 0xCB, 0xD3, 0x19, 0x14, 0xCA, 0xCB, 0xD9, 0x01, 0x57, 0x04, 0x49, 0x59,
    0x78, 0x9C, 0x95, 0x91, 0xBB, 0x4D, 0x03, 0x61, 0x10, 0x84, 0x97, 0xA7, 0x8C, 0x78, 0xB8, 0x04,
    0xDC, 0x81, 0x49, 0x88, 0xA1, 0x03, 0x1E, 0xD2, 0x4A, 0x64, 0xA6, 0x03, 0xE8, 0xC0, 0x74, 0x80,
    0x73, 0x12, 0x3A, 0x30, 0xF9, 0x8F, 0x64, 0x12, 0x62, 0xD3, 0x01, 0x74, 0x60, 0x8C, 0xC1, 0x80,
    0xC0, 0x7C, 0xCC, 0xDD, 0x9A, 0x93, 0xEF, 0x1C, 0x31, 0xC1, 0x8D, 0x3E, 0xFD, 0xD2, 0xEE, 0xDC,
    0xAC, 0x99, 0xE4, 0xBE, 0xAB, 0xEF, 0x91, 0xFB, 0x62, 0x46, 0xD6, 0x80, 0x4B, 0xD9, 0x18, 0x96,
    0x73, 0x3E, 0x84, 0x96, 0xEC, 0x03, 0xE2, 0xFD, 0x1C, 0x9A, 0xB2, 0x2F, 0xC8, 0xD1, 0xAE, 0xA1,
    0x2E, 0x9B, 0xD0, 0x0F, 0x7E, 0x80, 0x4D, 0x19, 0x74, 0x83, 0x9F, 0x61, 0xDD, 0x6C, 0x07, 0xDA,
    0xC1, 0x2F, 0x50, 0x2B, 0xA6, 0x4A, 0xAF, 0xB0, 0x62, 0x76, 0x11, 0x53, 0x1B, 0xEE, 0x13, 0x38,
    0x71, 0x7F, 0xD3, 0xBB, 0xBB, 0x75, 0x98, 0x55, 0xDF, 0xEE, 0x4A, 0xDC, 0xB5, 0xA7, 0x12, 0xB7,
    0x6D, 0x58, 0xE2, 0x83, 0x6C, 0xF8, 0x8C, 0x9A, 0x76, 0xEC, 0xF7, 0xFA, 0x3D, 0x77, 0x17, 0xB9,
    0x6B, 0x6F, 0xB6, 0x21, 0xE2, 0x3F, 0x46, 0x1C, 0x6D, 0xD8, 0x9A, 0x8F, 0x3F, 0x2D, 0x45, 0x1A,
    0xCE, 0xC7, 0x5F, 0x2D, 0x4A, 0x91, 0xDE, 0x61, 0xA9, 0x28, 0xE5, 0x34, 0x25, 0x2D, 0xBA, 0x4D,
    0x49, 0x6D, 0xF5, 0xD2, 0x95, 0xDD, 0xFC, 0x2B, 0x7E, 0xCB, 0x46, 0x95, 0xF8, 0xE3, 0x12, 0xD7,
    0x23, 0xFE, 0xB6, 0xEC, 0x9B, 0x41, 0x25, 0x7E, 0x2F, 0x58, 0x1B, 0x36, 0x2A, 0xF1, 0xD7, 0xCC,
    0xF6, 0xE1, 0x2C, 0x78, 0xF4, 0x17, 0x7F, 0x2F, 0x38, 0xCE, 0x3E, 0x8D, 0x2F, 0x7D, 0xC2, 0x42,
    0x31, 0x35, 0x3F, 0xFB, 0xA0, 0x28, 0x25, 0xD3, 0x4F, 0x7E, 0xF6, 0x98, 0x6A, 0xF6, 0x0B, 0x78,
    0xC2, 0x2E, 0xFC, 0x78, 0x9C, 0x9D, 0xD2, 0xBD, 0x4A, 0x03, 0x41, 0x10, 0x07, 0xF0, 0xB9, 0x53,
    0xC4, 0x80, 0x5F, 0xD7, 0x08, 0x36, 0x5E, 0x2A, 0x6B, 0x1B, 0x5B, 0x93, 0x47, 0x48, 0x6D, 0xA1,
    0x22, 0xE1, 0xEA, 0x80, 0x9D, 0x85, 0xB1, 0xB3, 0x33, 0xBE, 0x41, 0x7C, 0x83, 0x54, 0x16, 0x56,
    0xC6, 0xC6, 0xF6, 0x2C, 0xEC, 0x4F, 0x1B, 0x2B, 0xE1, 0x04, 0x21, 0x8A, 0xBA, 0x19, 0xE7, 0x3F,
    0xFB, 0x95, 0x52, 0x9C, 0x83, 0xBD, 0xFD, 0xB1, 0xEC, 0xDE, 0xCC, 0xDC, 0x12, 0x69, 0xBC, 0x6E,
    0xD2, 0x6C, 0x98, 0xFC, 0xCF, 0x3C, 0xBA, 0xE1, 0xEA, 0x64, 0xDE, 0xEB, 0x9E, 0x11, 0xF5, 0x86,
    0xD5, 0x23, 0xBB, 0x58, 0x84, 0xCE, 0xBC, 0xB8, 0x04, 0x3F, 0x03, 0x79, 0x89, 0xA8, 0x13, 0xC5,
    0x43, 0xA2, 0x27, 0xBC, 0x2B, 0x79, 0x10, 0x29, 0x4D, 0x64, 0x1C, 0xA5, 0x26, 0xEF, 0x81, 0x0D,
    0xFA, 0xD6, 0x51, 0xD2, 0x78, 0x97, 0xC9, 0x0A, 0x4D, 0x65, 0x4C, 0x40, 0x7C, 0x21, 0x27, 0xEC,
    0xD4, 0x24, 0xB7, 0x65, 0xD6, 0x02, 0x6B, 0x9B, 0x73, 0x96, 0x65, 0x09, 0xC8, 0x0B, 0xB1, 0x84,
    0x1F, 0x61, 0x3F, 0xF2, 0x03, 0xCB, 0xA7, 0xEC, 0xF9, 0x6C, 0x13, 0xEA, 0xA7, 0x96, 0x3E, 0xC9,
    0x7A, 0xCF, 0x7A, 0xE2, 0x33, 0xBE, 0x50, 0xB6, 0xA7, 0xDE, 0xFB, 0xEA, 0x5E, 0x70, 0xC3, 0x6E,
    0xFF, 0x72, 0x1C, 0xB8, 0xE3, 0x8F, 0x9D, 0x7D, 0xFB, 0xCC, 0xD0, 0x80, 0xCB, 0xA1, 0xCF, 0x6D,
    0xA3, 0x25, 0x84, 0xB6, 0x8F, 0xB1, 0xF9, 0xB0, 0x28, 0x8A, 0xB9, 0x50, 0xE0, 0xE8, 0xCD, 0x9E,
    0x8F, 0x12, 0x64, 0x76, 0xFB, 0x60, 0x0F, 0x10, 0x36, 0xB1, 0x7A, 0xA5, 0xF5, 0x81, 0x97, 0xE8,
    0x6C, 0x27, 0x94, 0x8F, 0x4A, 0x0F, 0xB4, 0x1B, 0xE5, 0x96, 0x69, 0xE9, 0x7F, 0x5B, 0xB5, 0xE5,
    0xC7, 0x9F, 0x36, 0x9E, 0x51, 0x9D, 0xD0, 0x9A, 0x89, 0xDC, 0x95, 0x84, 0xEE, 0x82, 0x2A, 0x6D,
    0xD0, 0x4B, 0xDC, 0xA9, 0x71, 0xAD, 0x28, 0xD7, 0xFD, 0xE5, 0x68, 0x76, 0x79, 0xB0, 0xF3, 0xCF,
    0x6B, 0x46, 0x74, 0xEE, 0x4E, 0xFD, 0x05, 0xC7, 0xC2, 0x49, 0xC6, 0x78, 0x9C, 0x5D, 0x92, 0xBD,
    0x52, 0xC2, 0x50, 0x10, 0x85, 0x97, 0x28, 0x82, 0xBF, 0x93, 0xC6, 0x52, 0x86, 0x37, 0x20, 0x33,
    0x76, 0x36, 0xF2, 0x06, 0xD8, 0x60, 0x2B, 0xE3, 0x68, 0xAD, 0xB5, 0x8D, 0xB6, 0x56, 0xD8, 0x59,
    0xCA, 0xF8, 0x02, 0x58, 0xDA, 0xE9, 0x03, 0x30, 0x23, 0x3E, 0x01, 0x38, 0x63, 0xCF, 0xAF, 0xA2,
    0x48, 0x72, 0x3C, 0xBB, 0x37, 0x98, 0xE0, 0x16, 0x37, 0xC9, 0x97, 0xDD, 0xBD, 0xBB, 0x67, 0x57,
    0x24, 0xB8, 0xBD, 0xDE, 0x96, 0xB4, 0x05, 0x21, 0x80, 0x7C, 0xFC, 0x5E, 0xAD, 0xF2, 0xFC, 0x24,
    0xC0, 0x93, 0x23, 0x03, 0xDC, 0x11, 0xC3, 0x6C, 0xCD, 0xC8, 0x0F, 0x36, 0x45, 0xDA, 0x8E, 0x54,
    0x14, 0x9C, 0x03, 0x4B, 0x22, 0x63, 0x20, 0x17, 0x44, 0x68, 0x2A, 0x19, 0xA2, 0xCE, 0xF3, 0x1B,
    0x1D, 0xCB, 0xA5, 0x64, 0xA6, 0x41, 0x0C, 0xAD, 0x6B, 0x46, 0x64, 0x44, 0xAE, 0x00, 0xCF, 0xF8,
    0x99, 0x48, 0xDF, 0x12, 0x8C, 0x70, 0xA9, 0x9E, 0x61, 0x42, 0x42, 0x6C, 0x48, 0xCA, 0xC7, 0x93,
    0x1B, 0x17, 0xE4, 0xF2, 0x0C, 0x35, 0xCF, 0x58, 0xFF, 0xD1, 0xBE, 0xD0, 0x13, 0x99, 0xE8, 0x11,
    0x61, 0xDD, 0xC8, 0x08, 0xD8, 0x3B, 0x06, 0xAB, 0x6F, 0xA0, 0x97, 0x31, 0xF2, 0xEC, 0x6A, 0xDE,
    0x67, 0xD0, 0x91, 0x6B, 0xAE, 0xE8, 0x48, 0xDE, 0x8F, 0xE2, 0xDE, 0x44, 0xDE, 0x15, 0xD4, 0x93,
    0x20, 0x3A, 0x4D, 0x81, 0x4E, 0x96, 0x8D, 0x54, 0xFE, 0x24, 0xF3, 0x4F, 0x0E, 0x3D, 0xF1, 0x81,
    0xD5, 0x05, 0x21, 0xE5, 0x41, 0x1B, 0x5E, 0xB0, 0x09, 0x6F, 0x5B, 0xB0, 0xA2, 0x4A, 0x1D, 0x3C,
    0xB6, 0x2E, 0xE6, 0xD9, 0x59, 0x15, 0x83, 0x78, 0x85, 0xEB, 0xDE, 0xF5, 0x52, 0x92, 0xD7, 0x94,
    0xE0, 0x2A, 0x7F, 0x8E, 0x3D, 0x23, 0x71, 0x6A, 0xE3, 0x45, 0xCA, 0xFC, 0x6C, 0xC1, 0xC4, 0x34,
    0xB1, 0x4B, 0x2C, 0x1A, 0x3B, 0xDA, 0xF7, 0x8A, 0x82, 0xB2, 0x3E, 0xFB, 0x7A, 0x34, 0xE2, 0x44,
    0x5D, 0x9D, 0x69, 0x5F, 0x03, 0x6A, 0x70, 0xCA, 0x4E, 0x51, 0x30, 0x1D, 0x45, 0x0E, 0x60, 0x03,
    0xE2, 0x23, 0x9B, 0x90, 0x2D, 0x92, 0x37, 0x9B, 0xE8, 0x20, 0xE5, 0x63, 0x41, 0x6E, 0x42, 0x1C,
    0x22, 0xC5, 0x66, 0xB6, 0x65, 0xAB, 0x89, 0xD7, 0x74, 0x6D, 0x95, 0x6C, 0x69, 0x6C, 0x31, 0x9A,
    0xA7, 0x33, 0x1B, 0xA5, 0x2D, 0x0D, 0x85, 0x8B, 0x10, 0xEF, 0x96, 0x5B, 0x1A, 0xDA, 0x87, 0x91,
    0xC2, 0x7C, 0x69, 0x5C, 0x11, 0x54, 0xDC, 0x4B, 0xCB, 0x76, 0x0F, 0xF4, 0xF2, 0xFF, 0x94, 0xDC,
    0x55, 0x8F, 0x5F, 0xAE, 0xEA, 0x19, 0x75, 0x78, 0x9C, 0x55, 0x90, 0x41, 0x2E, 0x04, 0x51, 0x10,
    0x86, 0xFF, 0xD6, 0x46, 0x8F, 0x41, 0xCC, 0x05, 0x24, 0x36, 0xB6, 0xC6, 0x0D, 0xD8, 0x58, 0x49,
    0x10, 0x07, 0x30, 0x5B, 0xBB, 0x71, 0x04, 0x3B, 0x5B, 0x07, 0x90, 0x18, 0x4B, 0x1B, 0x6D, 0x29,
    0x99, 0x85, 0xB9, 0x41, 0x5F, 0x40, 0x22, 0x76, 0x76, 0x83, 0x08, 0xAD, 0xB5, 0xFE, 0xBD, 0x7A,
    0x55, 0xEF, 0x8D, 0xA9, 0x45, 0x75, 0xBE, 0x7A, 0x5D, 0x7F, 0x55, 0xFD, 0x00, 0xB0, 0x73, 0xFF,
    0x78, 0xD9, 0x42, 0x8C, 0xC3, 0x86, 0xE4, 0x64, 0x21, 0xF2, 0x37, 0x25, 0xF2, 0x80, 0x17, 0xD4,
    0x58, 0x34, 0xFE, 0x34, 0xEE, 0x1B, 0x37, 0xC6, 0x4F, 0xA6, 0x26, 0xBD, 0xBB, 0xA5, 0xCB, 0x69,
    0x6C, 0xCF, 0xB0, 0xE5, 0xB2, 0x4E, 0x18, 0xEB, 0x9F, 0x15, 0xD9, 0x0E, 0x9C, 0xEB, 0xD0, 0xCC,
    0xF3, 0x1D, 0x59, 0xB8, 0x4F, 0x4D, 0xB6, 0x62, 0x7F, 0xE2, 0x55, 0x93, 0xA8, 0xDF, 0x91, 0x25,
    0x1E, 0x6C, 0xBE, 0xE3, 0x83, 0x6B, 0x97, 0xB6, 0x8D, 0x4B, 0xDB, 0x27, 0x33, 0x7E, 0x56, 0xBC,
    0x8A, 0xE7, 0xCE, 0x3E, 0x03, 0x3F, 0x82, 0xFB, 0x98, 0x7D, 0x4F, 0x22, 0xAB, 0xDE, 0x3C, 0x30,
    0x1C, 0x8D, 0xF6, 0xFC, 0x7E, 0xD4, 0x69, 0xAF, 0xDE, 0x83, 0x4A, 0x79, 0x32, 0x87, 0x37, 0xB7,
    0x08, 0x4E, 0x05, 0xA4, 0xB6, 0x86, 0x0F, 0xB2, 0x27, 0x45, 0x6E, 0x4A, 0xB1, 0x90, 0x13, 0x57,
    0xF1, 0xE5, 0xB5, 0x44, 0xB3, 0xE3, 0x8C, 0x5B, 0x96, 0x3B, 0xDD, 0x21, 0xC3, 0xE8, 0xB1, 0x2B,
    0x0E, 0xC2, 0x4E, 0x62, 0x21, 0x95, 0xC7, 0xC1, 0xE2, 0x46, 0xED, 0xEA, 0xFE, 0x52, 0x5F, 0x6A,
    0x33, 0xFA, 0x5D, 0x78, 0x05, 0x5E, 0xFF, 0x18, 0x58, 0x2F, 0x6D, 0x69, 0x99, 0xCF, 0xDB, 0x9B,
    0xDA, 0xF7, 0x2F, 0x01, 0x67, 0xFC, 0x17, 0xB9, 0x1A, 0x3D, 0x8D, 0x76, 0x98, 0x64, 0x31, 0x98,
    0xFA, 0x59, 0xA4, 0x95, 0x2A, 0x76, 0x5F, 0xBC, 0x64, 0xEA, 0x9D, 0xE8, 0x89, 0x43, 0x47, 0xE7,
    0x27, 0x1B, 0xC1, 0xAD, 0x3F, 0x13, 0x80, 0x44, 0x26, 0x78, 0x9C, 0x0B, 0x0A, 0x0D, 0xFD, 0xF1,
    0xFF, 0x3D, 0x31, 0xA8, 0xB8, 0x3C, 0x1D, 0x00, 0x91, 0x6C, 0x27, 0xFC, 0x78, 0x9C, 0x5D, 0xD0,
    0xED, 0x11, 0xC1, 0x40, 0x10, 0xC6, 0xF1, 0x63, 0x0C, 0x21, 0xDE, 0x4A, 0xD0, 0x81, 0x12, 0x94,
    0x40, 0x07, 0x94, 0xA0, 0x03, 0xE9, 0x80, 0x0E, 0xB4, 0xA0, 0x03, 0x3A, 0xA0, 0x04, 0x1A, 0x08,
    0x11, 0x1F, 0x98, 0xC1, 0xFA, 0x9F, 0x7B, 0x92, 0x31, 0xF2, 0xE5, 0x37, 0x49, 0x76, 0xF7, 0xF6,
    0x39, 0xE7, 0xCA, 0x27, 0x31, 0xB3, 0x18, 0x73, 0xB3, 0x73, 0x05, 0x5F, 0x66, 0x0B, 0x98, 0xF3,
    0xB9, 0x8B, 0x19, 0xD6, 0xF1, 0x81, 0xD0, 0x87, 0xB5, 0xBA, 0x46, 0x78, 0xC4, 0x0E, 0xDE, 0x30,
    0x52, 0x59, 0x0D, 0xDF, 0xA1, 0x7C, 0x00, 0x5B, 0x9C, 0xE1, 0x12, 0x57, 0x38, 0xC5, 0x1D, 0x0E,
    0xD5, 0xDE, 0xC3, 0x8B, 0x4E, 0xBB, 0x62, 0x3B, 0x2C, 0x63, 0x2D, 0x8D, 0x6D, 0xFE, 0x19, 0xFD,
    0xBC, 0x17, 0x75, 0xB9, 0x42, 0x64, 0xEA, 0x2F, 0xE6, 0x15, 0xF3, 0x37, 0x5A, 0x37, 0xD1, 0xF9,
    0x13, 0xED, 0xE3, 0xE3, 0xEC, 0x5D, 0x48, 0xED, 0xF7, 0x2D, 0xF7, 0xCF, 0x75, 0xC0, 0x41, 0x83,
    0xFC, 0x75, 0x8C, 0x7D, 0x81, 0xF2, 0xBB, 0xBB, 0x1A, 0x4E, 0xD8, 0x50, 0x42, 0x5F, 0xE8, 0x9E,
    0xE1, 0xFE, 0xBE, 0x51, 0xAA, 0xFE, 0x47, 0x9A, 0xA6, 0xF1, 0x07, 0x2B, 0x07, 0xAD, 0x46, 0x78,
    0x9C, 0x4D, 0x8F, 0x51, 0x0E, 0xC1, 0x00, 0x10, 0x44, 0x2B, 0x08, 0x4A, 0x70, 0x03, 0x6E, 0xC4,
    0x0D, 0x1C, 0x85, 0x1B, 0x70, 0x03, 0x4E, 0x24, 0x6E, 0x50, 0x1F, 0xBE, 0xDB, 0x50, 0x94, 0x10,
    0x63, 0x26, 0x9D, 0x0D, 0xFD, 0x79, 0x69, 0x77, 0xFB, 0x66, 0x36, 0x49, 0xEA, 0xE7, 0x0A, 0x14,
    0x0D, 0x72, 0x03, 0x20, 0xD5, 0x87, 0x0F, 0xB0, 0x10, 0x2B, 0x0E, 0xC4, 0x23, 0x07, 0x5D, 0x72,
    0x45, 0x4E, 0xC8, 0x29, 0xB9, 0xD6, 0xE0, 0xED, 0x05, 0x2E, 0xA2, 0x4D, 0x9E, 0xC9, 0x3E, 0x79,
    0xF0, 0xA2, 0x8C, 0x32, 0xCD, 0xC9, 0x2D, 0x39, 0x26, 0x33, 0x27, 0x40, 0x7C, 0x91, 0x4D, 0xF2,
    0x69, 0xC1, 0x9D, 0xEC, 0xD4, 0x95, 0xD0, 0x23, 0x4B, 0x57, 0x2A, 0x2D, 0xBE, 0x98, 0x0A, 0x1A,
    0xFC, 0xBD, 0x07, 0x63, 0xFF, 0xE6, 0xFF, 0x2B, 0xFB, 0x1E, 0xF6, 0x47, 0x9E, 0xF3, 0xA3, 0x4F,
    0xF4, 0x53, 0xDF, 0x99, 0xFB, 0x8F, 0xAC, 0x4D, 0xAD, 0x69, 0xFD, 0xEE, 0xD5, 0xFD, 0x4B, 0xAF,
    0x0F, 0xDD, 0xC6, 0x29, 0x99, 0xAD, 0xB2, 0xEC, 0x5C, 0xE2, 0x94, 0xE7, 0x7B, 0x1D, 0xFB, 0x05,
    0xE9, 0xA9, 0xAE, 0x0E, 0x78, 0x9C, 0x5D, 0x8F, 0x3D, 0x0E, 0x82, 0x50, 0x10, 0x84, 0x07, 0x04,
    0x2D, 0x8C, 0x09, 0x94, 0xC6, 0xC6, 0x9A, 0xCA, 0x78, 0x10, 0xAD, 0xE8, 0x3C, 0x83, 0x7F, 0x07,
    0x30, 0x7A, 0x12, 0xB9, 0x81, 0x77, 0x30, 0x7A, 0x02, 0x63, 0xED, 0x11, 0x88, 0xB1, 0x30, 0xC6,
    0xF0, 0x3E, 0x1F, 0x0F, 0x30, 0xD1, 0x2D, 0x66, 0xBF, 0x62, 0x76, 0x77, 0x56, 0x52, 0x94, 0xA6,
    0xBE, 0xAA, 0x1A, 0x41, 0xA7, 0xC6, 0x21, 0xB4, 0x1D, 0x78, 0x8A, 0x20, 0x54, 0x64, 0x8D, 0x7B,
    0x4F, 0x10, 0xE8, 0x19, 0x28, 0x63, 0x62, 0xD1, 0x3F, 0xD2, 0xD3, 0x03, 0xFA, 0x86, 0x35, 0x2C,
    0xF4, 0x86, 0xDC, 0x50, 0x58, 0xD5, 0x8E, 0xBA, 0x12, 0x35, 0x9C, 0x94, 0xDB, 0x56, 0x5F, 0xD2,
    0xA9, 0xC4, 0x79, 0x49, 0xE7, 0xCA, 0x60, 0xF9, 0xDA, 0x8C, 0x6D, 0xF4, 0x82, 0x83, 0xC1, 0xEA,
    0x4D, 0x77, 0xF2, 0xD0, 0x30, 0x2E, 0x98, 0x6A, 0xC9, 0xC0, 0x1E, 0x6E, 0x6D, 0xE9, 0x4A, 0x33,
    0xB9, 0x38, 0x17, 0x97, 0xDE, 0x85, 0xFC, 0x8B, 0xFE, 0xF3, 0x90, 0xE2, 0xD8, 0xB5, 0x0F, 0xEB,
    0xDB, 0x6B, 0x89, 0x78, 0x9C, 0x63, 0x60, 0x00, 0x02, 0x41, 0x41, 0x41, 0x06, 0x18, 0x30, 0xF8,
    0xFF, 0xFF, 0x3F, 0x13, 0x3D, 0x39, 0xDB, 0x76, 0xEF, 0xDE, 0xFD, 0x1A, 0xC8, 0xD9, 0x07, 0xA4,
    0xB3, 0x7F, 0xFE, 0x47, 0x80, 0xF9, 0xE4, 0x70, 0x96, 0xAE, 0x5A, 0xB5, 0xEA, 0x16, 0x90, 0xB1,
    0x16, 0x48, 0x47, 0x0D, 0x88, 0x7F, 0x50, 0x00, 0x00, 0x88, 0xAC, 0x8B, 0xEB, 0x78, 0x9C, 0x15,
    0xC9, 0xED, 0x09, 0x40, 0x50, 0x00, 0x40, 0xD1, 0x5B, 0x4A, 0x51, 0x18, 0x81, 0x0D, 0x8C, 0x62,
    0x05, 0x9B, 0x31, 0xC9, 0x9B, 0xC1, 0x0A, 0x6F, 0x81, 0xE7, 0x33, 0xA5, 0xD4, 0x95, 0xF3, 0xF7,
    0xB0, 0x69, 0xCF, 0xAE, 0x2D, 0x87, 0x36, 0x9C, 0x5A, 0x71, 0x69, 0xC9, 0xAD, 0x39, 0x8F, 0x66,
    0xBC, 0xAE, 0xA0, 0x13, 0x9D, 0x0E, 0x8C, 0x5A, 0x33, 0x6B, 0xC1, 0xF2, 0x67, 0x4C, 0x01, 0x3E,
    0xB8, 0x16, 0x27, 0x7E, 0x78, 0x9C, 0xFB, 0xF1, 0x1F, 0x02, 0xF8, 0x7F, 0x92, 0xC2, 0x10, 0x10,
    0x84, 0x00, 0x46, 0x00, 0xF2, 0x09, 0x30, 0x8E, 0x78, 0x9C, 0x63, 0x60, 0x00, 0x81, 0x17, 0xF7,
    0xD9, 0x19, 0x0E, 0xFC, 0xFF, 0xBF, 0x9E, 0xE1, 0xFB, 0xFF, 0xFF, 0xFF, 0x59, 0xFE, 0x00, 0x09,
    0x4E, 0x10, 0xC1, 0xF5, 0x13, 0x48, 0xB0, 0x7F, 0xFA, 0xFF, 0xFF, 0x3D, 0xA3, 0xC3, 0xBF, 0xFF,
    0xBA, 0x0C, 0x0C, 0x01, 0xEE, 0x0C, 0x0C, 0x00, 0xBC, 0xA4, 0x1C, 0x17, 0x78, 0x9C, 0x75, 0xD0,
    0xCB, 0x4D, 0x42, 0x41, 0x18, 0x86, 0xE1, 0x23, 0x28, 0x12, 0xEE, 0x67, 0xE5, 0x12, 0x3A, 0x80,
    0x0E, 0xB0, 0x03, 0xEC, 0x00, 0x3B, 0x20, 0x61, 0xC3, 0x12, 0x3A, 0xC0, 0x0E, 0xA0, 0x03, 0xE9,
    0x00, 0x4A, 0xA0, 0x03, 0xE8, 0x80, 0x9B, 0xA0, 0x46, 0xE1, 0x65, 0xCE, 0x7C, 0xE1, 0x87, 0x4C,
    0xC2, 0xAC, 0x9E, 0xCC, 0x25, 0x79, 0xE7, 0x8F, 0xA2, 0x64, 0x55, 0xE2, 0x38, 0xD2, 0xFA, 0x87,
    0xBC, 0xB6, 0x80, 0x8C, 0xD7, 0x9B, 0x53, 0xCA, 0xEB, 0x03, 0x56, 0xBA, 0xB6, 0x84, 0x4F, 0x69,
    0x0B, 0x6D, 0xE9, 0x00, 0x55, 0xE9, 0x0F, 0x8A, 0x92, 0x7B, 0x9A, 0xF5, 0x68, 0x38, 0x3D, 0x7A,
    0x0D, 0x9C, 0x74, 0x38, 0x83, 0xA9, 0xB4, 0x86, 0xBE, 0xF4, 0x05, 0x4D, 0xE9, 0x17, 0x4A, 0xD2,
    0x11, 0x72, 0x41, 0xD3, 0xBB, 0x35, 0x8D, 0x61, 0x61, 0x4D, 0x23, 0x69, 0x67, 0x4D, 0xDF, 0xB7,
    0x4D, 0x85, 0xA0, 0xE9, 0xD5, 0x29, 0x7D, 0xB7, 0x69, 0x63, 0x4D, 0x7B, 0xA8, 0x87, 0x4D, 0xA7,
    0x4B, 0x53, 0xCD, 0x3D, 0x7D, 0xB2, 0xA6, 0x07, 0xAF, 0x89, 0x35, 0xB9, 0x8F, 0x0D, 0xAD, 0xA9,
    0x25, 0xFD, 0x40, 0x59, 0xB2, 0x61, 0x27, 0x4D, 0xCF, 0x41, 0xD3, 0x75, 0xD8, 0x73, 0x1B, 0xB6,
    0x6B, 0xEA, 0x48, 0xDD, 0x5E, 0xEF, 0x45, 0x3A, 0x03, 0x74, 0xBE, 0x8D, 0x7A, 0x78, 0x9C, 0x63,
    0x60, 0x00, 0x82, 0xA4, 0x93, 0x77, 0xD7, 0xB8, 0x33, 0xC0, 0xC0, 0x91, 0xFF, 0x20, 0xD0, 0x07,
    0xE5, 0x6D, 0xFC, 0x0F, 0x01, 0x71, 0x60, 0x9E, 0xC1, 0x3F, 0x28, 0xF7, 0x3F, 0x3B, 0x88, 0xFB,
    0x08, 0xC6, 0xFB, 0x5F, 0x0F, 0xE2, 0xFE, 0x85, 0x73, 0xFF, 0xB3, 0x30, 0x30, 0x34, 0x80, 0xE8,
    0xFD, 0x15, 0x2F, 0x41, 0x14, 0x1F, 0x03, 0xC3, 0x27, 0x20, 0xF5, 0x9E, 0x99, 0x81, 0xE1, 0x27,
    0x90, 0xEE, 0x87, 0x50, 0x72, 0x40, 0x3D, 0x13, 0x40, 0xD2, 0x0C, 0x0C, 0x50, 0x3D, 0x10, 0x33,
    0xD8, 0x02, 0x80, 0xC4, 0x79, 0xB0, 0x85, 0x5F, 0x81, 0x2C, 0xEE, 0x05, 0x40, 0x22, 0x1E, 0xCC,
    0x7D, 0x00, 0x64, 0xF1, 0x5F, 0x00, 0x12, 0xF2, 0x60, 0x2E, 0x48, 0xC2, 0xFF, 0x03, 0x90, 0xE0,
    0x05, 0x73, 0x13, 0x40, 0x0E, 0xF9, 0x0C, 0x24, 0xB8, 0xC0, 0x5C, 0x07, 0x20, 0x6B, 0x3E, 0xC8,
    0x00, 0x0E, 0x30, 0x57, 0x01, 0xE4, 0x9C, 0x6F, 0x30, 0xA7, 0x83, 0xAD, 0x3C, 0x0F, 0xE2, 0xB2,
    0xC1, 0xB9, 0xF7, 0xBF, 0x03, 0x09, 0x56, 0x9C, 0x5C, 0x34, 0xC5, 0x68, 0x46, 0x7D, 0x41, 0xB1,
    0x68, 0x3D, 0xC8, 0xBB, 0xDC, 0x70, 0x67, 0xF4, 0x23, 0x1C, 0x59, 0x00, 0x64, 0xE5, 0x1F, 0x80,
    0x7B, 0x61, 0x03, 0x90, 0x65, 0x0F, 0x0A, 0x84, 0x7C, 0x30, 0x17, 0xA4, 0x8E, 0x1F, 0xA4, 0xE3,
    0x3E, 0x98, 0xFB, 0x1D, 0xEC, 0x99, 0x7F, 0x50, 0x77, 0x08, 0x40, 0x18, 0x3F, 0x80, 0xA4, 0x1E,
    0x54, 0xEB, 0x7B, 0x06, 0x86, 0x8F, 0x20, 0x8A, 0x95, 0x41, 0xE1, 0x0F, 0xC4, 0x10, 0x90, 0xF9,
    0xFF, 0xEF, 0xCF, 0x02, 0xF1, 0xC0, 0x36, 0xFE, 0x41, 0x44, 0x0A, 0x30, 0xF4, 0x19, 0x2E, 0xC2,
    0x79, 0xE0, 0x10, 0x55, 0x80, 0xC7, 0x19, 0x1B, 0x3C, 0x44, 0x41, 0xC0, 0x16, 0x1A, 0xFD, 0x9B,
    0xC1, 0xBC, 0x5A, 0x78, 0xE2, 0x08, 0xDC, 0x71, 0x66, 0xB5, 0x39, 0x98, 0x05, 0x00, 0x8A, 0x5A,
    0x36, 0x10, 0x78, 0x9C, 0x63, 0x60, 0x60, 0x60, 0x70, 0x08, 0x0D, 0x0D, 0x65, 0x01, 0xD2, 0x02,
    0xBF, 0xFF, 0xFF, 0xFF, 0xCF, 0x03, 0x64, 0x7C, 0xFB, 0x0F, 0x61, 0x1C, 0xFA, 0x0F, 0x61, 0x34,
    0xFC, 0x87, 0x30, 0x1C, 0xFE, 0x42, 0x19, 0x5F, 0xFF, 0x43, 0x19, 0xDF, 0x91, 0x18, 0xE7, 0x1F,
    0x41, 0x19, 0x6C, 0x0F, 0x20, 0x0C, 0x29, 0x06, 0x08, 0xC3, 0x8F, 0x01, 0xC2, 0x68, 0x67, 0x80,
    0x32, 0x18, 0x86, 0x29, 0x03, 0x00, 0xA3, 0x59, 0xA9, 0xE0, 0x78, 0x9C, 0x63, 0x60, 0x60, 0x60,
    0x48, 0xDC, 0x79, 0x67, 0x4F, 0x26, 0x13, 0x03, 0x04, 0x6C, 0xF9, 0x0F, 0x02, 0xE7, 0x59, 0xC1,
    0x9C, 0x8D, 0xFF, 0x21, 0xE0, 0x3C, 0x48, 0x56, 0xE1, 0x1F, 0x94, 0xF7, 0xDF, 0x1E, 0xC8, 0x7B,
    0xF8, 0x1F, 0x0E, 0x80, 0x92, 0xBF, 0x10, 0x3C, 0x5E, 0x06, 0x03, 0x10, 0xD5, 0xE7, 0x3A, 0x15,
    0x44, 0xE5, 0x33, 0x2C, 0x00, 0x92, 0xEB, 0xA1, 0x66, 0xDD, 0x67, 0xF8, 0x00, 0x24, 0x79, 0x40,
    0x46, 0xFF, 0x05, 0x32, 0x18, 0x3F, 0x03, 0x09, 0xB0, 0x4D, 0xDF, 0x80, 0x0C, 0x96, 0xAF, 0x40,
    0x02, 0x6C, 0xED, 0x27, 0x90, 0xF0, 0xD5, 0xBB, 0x77, 0xCF, 0x82, 0x79, 0x1F, 0x60, 0x8A, 0xE0,
    0x72, 0xCC, 0x70, 0xDE, 0x37, 0x98, 0x16, 0x06, 0xA8, 0x99, 0xFB, 0xE1, 0x9C, 0x02, 0xA0, 0x54,
    0x3C, 0x9C, 0xF7, 0x05, 0x66, 0x2F, 0x08, 0x80, 0x1D, 0x08, 0x37, 0xE4, 0x31, 0x90, 0x53, 0x0F,
    0x97, 0x02, 0x79, 0x92, 0x0B, 0x59, 0x17, 0xDC, 0xC4, 0x80, 0xFF, 0xC8, 0x66, 0x80, 0x6C, 0x3E,
    0x8F, 0x6C, 0x17, 0x42, 0xEA, 0x07, 0xB2, 0xAE, 0x09, 0xFF, 0x91, 0x0D, 0xFC, 0x05, 0x0D, 0x0C,
    0x30, 0xD8, 0x00, 0x92, 0xE2, 0x84, 0x72, 0x04, 0xFE, 0x00, 0x39, 0xF3, 0x61, 0x52, 0x17, 0x91,
    0xA5, 0x14, 0x40, 0x61, 0x75, 0xDF, 0x05, 0x02, 0x98, 0x1F, 0xFC, 0x47, 0x02, 0x7C, 0x1F, 0xA8,
    0xC2, 0x03, 0x00, 0x0B, 0x56, 0x06, 0x46, 0x78, 0x9C, 0x63, 0x60, 0x60, 0x60, 0x50, 0x98, 0x76,
    0xFA, 0xEC, 0x6C, 0x31, 0x06, 0x28, 0x08, 0xF8, 0xF3, 0x1F, 0x04, 0xAC, 0x21, 0x3C, 0x05, 0x08,
    0xEF, 0xFF, 0x7F, 0x29, 0x30, 0xF7, 0x0B, 0x94, 0xF7, 0xFF, 0x3E, 0x23, 0x90, 0xE7, 0xF0, 0x1F,
    0x0E, 0x64, 0x81, 0xDC, 0x87, 0x08, 0xEE, 0x7A, 0x20, 0xF7, 0x27, 0x48, 0x59, 0x44, 0x08, 0x88,
    0xFA, 0xCF, 0xCC, 0x20, 0x00, 0xA2, 0xD8, 0x19, 0x18, 0x04, 0x40, 0x06, 0x72, 0x32, 0x04, 0x00,
    0xC9, 0x7A, 0x90, 0x89, 0x1F, 0x81, 0x0C, 0x5E, 0x86, 0x06, 0x20, 0xC9, 0x07, 0xE2, 0x4E, 0x00,
    0x32, 0xF8, 0x19, 0x1A, 0xCE, 0x9C, 0x39, 0xC3, 0x09, 0xE2, 0x26, 0x80, 0xB9, 0x70, 0x50, 0x80,
    0xCA, 0xDD, 0x00, 0xE4, 0x72, 0x23, 0xB8, 0x20, 0xC7, 0xB1, 0xC1, 0x79, 0x20, 0xAD, 0xF7, 0xA1,
    0xEC, 0xE0, 0xD0, 0x69, 0x7F, 0x81, 0x5C, 0x3D, 0x28, 0xF7, 0x17, 0xD8, 0x8D, 0xE7, 0x99, 0x90,
    0xB9, 0xFB, 0x59, 0x19, 0x90, 0xB9, 0x59, 0x8C, 0x0C, 0xA8, 0x8A, 0x99, 0x51, 0xB8, 0xFF, 0xFB,
    0xA1, 0x5C, 0x67, 0x97, 0xD2, 0xDF, 0x20, 0x3E, 0x07, 0xDC, 0x5E, 0x01, 0x90, 0x0A, 0x7F, 0x84,
    0xAB, 0x40, 0x3E, 0x3A, 0x8F, 0xE0, 0x82, 0xC3, 0x81, 0x11, 0xC1, 0x07, 0xE9, 0x66, 0x71, 0x74,
    0x71, 0x71, 0x61, 0x84, 0x1B, 0xCF, 0xFA, 0x15, 0x12, 0x54, 0x40, 0x00, 0x0A, 0x2C, 0xD6, 0xCF,
    0xE0, 0x20, 0x02, 0x02, 0x03, 0x70, 0x50, 0x7E, 0x80, 0x86, 0x2F, 0xC3, 0x23, 0x10, 0x17, 0x6C,
    0xFE, 0xFF, 0x58, 0x46, 0x86, 0x22, 0x10, 0x3D, 0x9F, 0x41, 0x01, 0xEC, 0xBC, 0xF7, 0x7F, 0xC1,
    0x94, 0x3E, 0x03, 0xC3, 0x37, 0x44, 0xA4, 0x80, 0x02, 0xA7, 0x01, 0xC1, 0x03, 0x7B, 0xE1, 0x1B,
    0xB2, 0x24, 0x30, 0xBA, 0x7F, 0x43, 0x79, 0x5A, 0x10, 0xD7, 0x19, 0xBC, 0x04, 0x47, 0xB6, 0x06,
    0xDC, 0xB9, 0x8E, 0x65, 0xE5, 0x6E, 0x10, 0x97, 0x02, 0x00, 0x31, 0x4B, 0x0A, 0x7F, 0x78, 0x9C,
    0xAD, 0xD1, 0x31, 0x12, 0xC1, 0x60, 0x14, 0x04, 0xE0, 0x37, 0x8C, 0xA1, 0x60, 0x46, 0xA3, 0x25,
    0x47, 0xC8, 0x0D, 0xB8, 0x44, 0x1A, 0x95, 0x52, 0x47, 0xEB, 0x06, 0x51, 0xD1, 0x28, 0x52, 0x71,
    0x0F, 0x45, 0xB4, 0xAA, 0xB8, 0x01, 0x8E, 0x80, 0x61, 0xC4, 0x60, 0x2D, 0x99, 0xFC, 0xCF, 0xAB,
    0xD9, 0x66, 0xF7, 0x6B, 0xFE, 0xE2, 0x7F, 0x22, 0x9F, 0xF8, 0xC1, 0xB2, 0x1B, 0x34, 0x24, 0xCF,
    0x1E, 0x4C, 0xDB, 0x31, 0x35, 0xF4, 0x61, 0xB8, 0xB1, 0xBC, 0x1A, 0x7A, 0x30, 0x5C, 0x59, 0x5E,
    0x0C, 0xEB, 0x9C, 0x03, 0xE5, 0x82, 0xB3, 0xAA, 0x3C, 0x73, 0x16, 0x94, 0x4F, 0x60, 0x22, 0x8E,
    0x53, 0xAE, 0x9A, 0xF2, 0xC4, 0x55, 0x54, 0x3E, 0x80, 0xB9, 0x38, 0x0E, 0x39, 0x9A, 0xCA, 0x23,
    0x47, 0x49, 0x79, 0x07, 0x62, 0x71, 0xEC, 0xB1, 0x5B, 0xCA, 0x03, 0xBB, 0xAC, 0xBC, 0x01, 0x89,
    0x38, 0x76, 0xF2, 0x27, 0xB2, 0xDE, 0xB1, 0x2A, 0xCA, 0xF7, 0xB7, 0x8C, 0x43, 0x86, 0x9D, 0x84,
    0xFD, 0x14, 0xDF, 0x89, 0x7F, 0xE1, 0x2C, 0xCA, 0xB2, 0x26, 0xB6, 0xD1, 0x28, 0xBF, 0x83, 0x67,
    0x2E, 0xF8, 0x0F, 0xBE, 0x00, 0x2A, 0xE9, 0x0D, 0xFF, 0x78, 0x9C, 0x63, 0x08, 0x0A, 0x85, 0x03,
    0x16, 0x06, 0x86, 0x1F, 0xFF, 0xE1, 0x80, 0x97, 0x81, 0xE1, 0x27, 0x0A, 0xEF, 0x17, 0x0A, 0xEF,
    0x0F, 0x0A, 0xEF, 0x2F, 0x0A, 0x0F, 0x48, 0xBE, 0x7F, 0x07, 0x01, 0xDC, 0x60, 0x1E, 0x50, 0x0C,
    0x0A, 0x14, 0x80, 0x3C, 0x1E, 0x38, 0xCF, 0x00, 0xC8, 0xE3, 0x82, 0xF3, 0x1C, 0x80, 0x3C, 0x0E,
    0x38, 0x2F, 0x01, 0xC8, 0x63, 0x87, 0xF3, 0x0A, 0x80, 0x3C, 0x56, 0x06, 0x06, 0x01, 0x08, 0x6F,
    0x02, 0x90, 0xC7, 0x1C, 0xF0, 0xEA, 0xFF, 0xFB, 0x68, 0x10, 0x6F, 0x01, 0x90, 0xE7, 0x04, 0x76,
    0x41, 0x1E, 0x90, 0x77, 0x00, 0x48, 0x7F, 0x85, 0x38, 0x05, 0x68, 0xF4, 0x05, 0x84, 0xC3, 0xF6,
    0x33, 0x30, 0x3C, 0x40, 0xF0, 0x80, 0x36, 0x7D, 0x00, 0x51, 0xE7, 0x57, 0x81, 0x7D, 0x62, 0xCF,
    0xF0, 0x10, 0x48, 0xF6, 0x33, 0x32, 0x08, 0xFC, 0x80, 0x28, 0x75, 0x5C, 0xFE, 0x16, 0x18, 0x1E,
    0x0C, 0x01, 0x20, 0x49, 0x46, 0xB8, 0x33, 0x40, 0x21, 0xC2, 0x06, 0xE7, 0x7D, 0x04, 0xF2, 0x38,
    0xE1, 0x3C, 0x90, 0xC5, 0xDC, 0x70, 0xDE, 0x02, 0x14, 0x8F, 0x82, 0x79, 0x2E, 0x2E, 0x2E, 0x2A,
    0x08, 0x95, 0x40, 0x07, 0xAF, 0x87, 0x9B, 0xC2, 0xF1, 0x1B, 0x48, 0x80, 0x79, 0xDF, 0x41, 0x1E,
    0xFD, 0x0E, 0x0D, 0x17, 0x50, 0xF8, 0xFC, 0x67, 0xF8, 0x04, 0x72, 0x11, 0x13, 0x03, 0xC3, 0x37,
    0x20, 0x3D, 0x1F, 0xEC, 0xF7, 0xFF, 0xE7, 0x67, 0xBE, 0x06, 0x51, 0x72, 0x0C, 0x02, 0xFF, 0x10,
    0x3E, 0x02, 0x86, 0xCF, 0x63, 0x38, 0xA7, 0x1E, 0x14, 0xD8, 0xF0, 0x68, 0x61, 0x83, 0x85, 0x1A,
    0x08, 0xE8, 0x40, 0xDC, 0xD4, 0x08, 0x96, 0xF5, 0x82, 0x39, 0x51, 0x20, 0xA5, 0x3C, 0x8C, 0x09,
    0xCC, 0x02, 0x00, 0xA1, 0x71, 0x17, 0x12, 0x78, 0x9C, 0x55, 0x91, 0x3D, 0x4E, 0xC3, 0x40, 0x10,
    0x85, 0x9F, 0x6D, 0x42, 0x10, 0xBF, 0x69, 0xE9, 0xD2, 0x81, 0xA8, 0x52, 0x52, 0x81, 0x2B, 0xAE,
    0x01, 0x48, 0xF4, 0x29, 0xE9, 0x40, 0xE2, 0x04, 0xE1, 0x04, 0x49, 0x8B, 0x84, 0x14, 0x24, 0x3A,
    0x04, 0x0A, 0x1D, 0x20, 0x59, 0x22, 0x17, 0x40, 0xE6, 0x02, 0x28, 0x84, 0xF0, 0x13, 0x44, 0xF0,
    0x32, 0xF3, 0x66, 0xBD, 0x28, 0x5B, 0xCC, 0xEC, 0x67, 0xCF, 0xCE, 0x7B, 0x3B, 0x0B, 0xC8, 0xDA,
    0x7F, 0x78, 0x3A, 0xDF, 0x44, 0xB9, 0x2E, 0x9D, 0xAE, 0x23, 0x4F, 0x2D, 0x67, 0x6B, 0x8B, 0x54,
    0x9B, 0x78, 0x74, 0xB3, 0x8A, 0xFD, 0x92, 0xDC, 0xAE, 0xE2, 0x4F, 0x40, 0x17, 0x03, 0x7B, 0x9A,
    0x07, 0xD7, 0xBF, 0x9A, 0x16, 0x81, 0x67, 0x49, 0x79, 0x05, 0x75, 0x2D, 0xDA, 0x06, 0xBE, 0xEC,
    0x2B, 0x3A, 0x92, 0xDB, 0x40, 0x21, 0xA5, 0x91, 0xF6, 0xD0, 0x33, 0x48, 0x25, 0x1E, 0x53, 0xF0,
    0x2E, 0xCB, 0x32, 0x7A, 0x58, 0x09, 0xFE, 0xA8, 0x3A, 0xFF, 0x8F, 0x43, 0xBA, 0x49, 0xEF, 0x5F,
    0x6E, 0xD6, 0x14, 0x47, 0x82, 0x49, 0x4A, 0xD5, 0x0D, 0xC1, 0x0F, 0xC9, 0xD1, 0xB7, 0x99, 0xAA,
    0x98, 0x6C, 0xC7, 0x7B, 0x6C, 0x02, 0x63, 0x49, 0x9F, 0xA5, 0xE7, 0x04, 0x56, 0x97, 0x5F, 0xF1,
    0xF4, 0x92, 0x61, 0x2F, 0x46, 0x3A, 0x61, 0x35, 0x71, 0x4E, 0x7A, 0x5E, 0x48, 0x7E, 0x24, 0xF6,
    0x38, 0x94, 0x42, 0x35, 0xC6, 0x76, 0x2F, 0x98, 0xC6, 0x8C, 0x76, 0x5D, 0x26, 0xBE, 0xA9, 0xBF,
    0x77, 0x09, 0x0B, 0xC4, 0x57, 0xD9, 0x55, 0x87, 0xD3, 0xD8, 0xA7, 0x5C, 0x28, 0x6E, 0x4D, 0xB5,
    0x4A, 0x1A, 0x12, 0xBA, 0x44, 0xF5, 0x65, 0xB1, 0xEA, 0x47, 0xD7, 0xB5, 0x1B, 0xB6, 0xA3, 0x30,
    0xD8, 0x5B, 0x9A, 0x3E, 0xE3, 0x43, 0x89, 0x44, 0xBD, 0x08, 0x6F, 0xC2, 0x01, 0x8F, 0x02, 0x52,
    0xA1, 0x51, 0xFE, 0x1E, 0x24, 0x54, 0x38, 0xF5, 0xB8, 0xEA, 0x87, 0x7B, 0xA2, 0x62, 0xF9, 0x7A,
    0x18, 0x76, 0xED, 0xE0, 0x70, 0x27, 0xE6, 0xEE, 0x0F, 0xDC, 0x82, 0x3F, 0x22, 0x78, 0x9C, 0x0B,
    0x08, 0x45, 0x02, 0x4C, 0x1F, 0xFF, 0x23, 0x01, 0x36, 0x72, 0x79, 0x0F, 0xDF, 0x41, 0x01, 0x98,
    0xC7, 0x00, 0x03, 0xBF, 0x81, 0x3C, 0x26, 0x18, 0xC7, 0x00, 0xC8, 0x59, 0x0F, 0x97, 0xDA, 0x00,
    0xE4, 0xE9, 0xC3, 0x79, 0x9F, 0x81, 0x3C, 0x2E, 0x4A, 0xB5, 0xFD, 0x41, 0xD6, 0xE6, 0x80, 0xA2,
    0xED, 0x00, 0x8A, 0xB6, 0x2F, 0x34, 0xD1, 0x36, 0x1F, 0x8F, 0x36, 0x4E, 0xEC, 0xDA, 0x02, 0x50,
    0xB4, 0x5D, 0x00, 0xF2, 0xE4, 0xE1, 0xBC, 0xAF, 0x28, 0xDA, 0xFE, 0x02, 0x79, 0x8C, 0xD4, 0xD4,
    0x06, 0x00, 0xC7, 0x4F, 0xC7, 0x6D, 0x78, 0x9C, 0x4D, 0x92, 0xBF, 0x2E, 0x04, 0x51, 0x14, 0xC6,
    0x3F, 0x63, 0xEC, 0x1F, 0xAC, 0x78, 0x03, 0x2A, 0x95, 0x30, 0xF1, 0x00, 0x66, 0x43, 0xB2, 0x21,
    0x91, 0xF0, 0x00, 0x9B, 0xF0, 0x06, 0x54, 0xAB, 0xD4, 0x28, 0x45, 0x54, 0x1A, 0x85, 0x97, 0xD0,
    0x53, 0xC8, 0x36, 0x8A, 0x11, 0x8D, 0x4A, 0x96, 0x52, 0xB5, 0x89, 0xB0, 0x26, 0x76, 0xED, 0xF5,
    0x9D, 0x73, 0xEE, 0x9D, 0x71, 0x8A, 0x73, 0xEE, 0xEF, 0xCE, 0xBD, 0xE7, 0xCF, 0x77, 0x07, 0x00,
    0x16, 0x2F, 0x1F, 0x5E, 0xAE, 0x96, 0xE0, 0x6D, 0x6F, 0xE4, 0xC4, 0xDA, 0x46, 0xC9, 0xAF, 0x33,
    0x5B, 0x56, 0xFC, 0x72, 0xC1, 0xA6, 0x48, 0xCD, 0x82, 0xDC, 0x2E, 0xF1, 0xAD, 0xC4, 0xFE, 0x04,
    0x90, 0x33, 0xDE, 0xC6, 0xB8, 0x11, 0xAE, 0x01, 0x63, 0x0B, 0xBA, 0x3D, 0x87, 0x79, 0xFA, 0x4C,
    0x32, 0xDE, 0x71, 0xB1, 0x8A, 0x84, 0xFE, 0x50, 0xF0, 0x80, 0x8B, 0x54, 0x51, 0x32, 0x6A, 0x85,
    0x54, 0x0F, 0xEF, 0x6B, 0x6F, 0x5C, 0x2C, 0x00, 0xEC, 0xE9, 0x5A, 0xF0, 0x82, 0xD8, 0x00, 0x06,
    0x0C, 0x11, 0xF1, 0x83, 0xB1, 0x0A, 0x3C, 0x32, 0xAC, 0xB3, 0x73, 0x16, 0xEC, 0xC9, 0x74, 0x52,
    0xF8, 0xAC, 0x33, 0xA4, 0x5F, 0x91, 0x4B, 0x4F, 0xA1, 0xC7, 0x5E, 0xA4, 0x23, 0x75, 0x8D, 0xB2,
    0x8A, 0x0D, 0x7C, 0x3A, 0x56, 0x3C, 0x8F, 0x95, 0xEE, 0xC3, 0xE1, 0x6C, 0x92, 0x74, 0x54, 0x0E,
    0x28, 0xCD, 0x7E, 0x4B, 0x92, 0xAD, 0xCD, 0x67, 0xA7, 0x75, 0x13, 0x0B, 0xB6, 0x9D, 0xEA, 0x5C,
    0x27, 0xF0, 0x97, 0x32, 0xED, 0xAD, 0xA1, 0x29, 0x45, 0xD0, 0x68, 0xE0, 0xC5, 0x30, 0x39, 0x2A,
    0xB9, 0xBF, 0x6A, 0xB3, 0xD4, 0xF3, 0xE2, 0xAB, 0xE4, 0xAA, 0x8B, 0x9B, 0x55, 0x94, 0xA7, 0xA9,
    0x7D, 0xFE, 0x57, 0xC3, 0xC5, 0xAF, 0xE1, 0x35, 0xE4, 0x6D, 0xFA, 0x2A, 0xA0, 0xCB, 0x5A, 0x6B,
    0x5D, 0xDF, 0xE5, 0xB0, 0xEC, 0xD9, 0xCD, 0x98, 0xDC, 0x61, 0x24, 0xC9, 0xF1, 0x53, 0xE0, 0xB4,
    0xEA, 0x3D, 0xF2, 0xB4, 0x63, 0x6A, 0x34, 0xDF, 0xF5, 0x35, 0xB7, 0xC3, 0xCF, 0x81, 0x8D, 0xCE,
    0x71, 0xCB, 0x74, 0xFB, 0x03, 0x4F, 0x46, 0x3F, 0xCE, 0x78, 0x9C, 0x55, 0x91, 0x3F, 0x4E, 0x02,
    0x51, 0x10, 0xC6, 0x87, 0xD5, 0x15, 0x56, 0x4C, 0xDC, 0xC4, 0x0B, 0xEC, 0x0D, 0xA4, 0xB1, 0x86,
    0x98, 0x0D, 0x9D, 0xD1, 0x60, 0x6B, 0x82, 0x95, 0x96, 0x58, 0x59, 0xD8, 0xE8, 0x0D, 0xF0, 0x06,
    0x16, 0x14, 0x94, 0x9E, 0xC0, 0xC0, 0x0D, 0x30, 0xD6, 0x26, 0x1A, 0x2B, 0x3B, 0x74, 0xFD, 0x83,
    0x82, 0xEE, 0x73, 0xBE, 0xEF, 0xBD, 0xE7, 0xC2, 0x14, 0x93, 0xF9, 0xED, 0xBE, 0x99, 0xF9, 0x66,
    0x46, 0x44, 0xA4, 0xD6, 0xBF, 0xBF, 0x39, 0x5B, 0x12, 0x67, 0x27, 0xB9, 0x51, 0x1B, 0x97, 0x2D,
    0xED, 0x91, 0x94, 0x43, 0xE2, 0x97, 0x71, 0xD6, 0x05, 0x5D, 0x98, 0x7F, 0xAB, 0x28, 0xBE, 0x17,
    0xD8, 0x56, 0x44, 0xE6, 0xA8, 0xB9, 0x3F, 0x43, 0x76, 0x49, 0x0E, 0xF1, 0x79, 0x45, 0x9B, 0xE5,
    0x7C, 0x3D, 0x74, 0x8F, 0x24, 0xD3, 0x60, 0x5D, 0x5E, 0xD5, 0x57, 0xD9, 0x5D, 0x83, 0x0E, 0x2B,
    0x2D, 0x03, 0x63, 0x0D, 0xAE, 0xE5, 0x53, 0x7D, 0x89, 0xFD, 0x7F, 0x34, 0x92, 0x09, 0x1C, 0x6D,
    0xAA, 0x51, 0x30, 0x59, 0xF8, 0x1B, 0x7E, 0xF8, 0x5C, 0x61, 0xC7, 0x37, 0x75, 0xAB, 0x20, 0x0A,
    0xA8, 0x3C, 0xAA, 0xDB, 0x05, 0x3E, 0x01, 0xA3, 0x4B, 0xF8, 0xD0, 0xA9, 0x32, 0x51, 0x02, 0x3F,
    0xD8, 0xDA, 0x9E, 0x72, 0x88, 0x48, 0xBE, 0xFD, 0x3C, 0x33, 0xE2, 0xD0, 0x63, 0xC6, 0x19, 0xE2,
    0x5F, 0x4B, 0xF5, 0x17, 0x3B, 0x1A, 0x8B, 0x99, 0x87, 0x20, 0xB3, 0x35, 0xA5, 0x87, 0x05, 0x84,
    0x1C, 0x26, 0x40, 0xCB, 0xDA, 0x51, 0x53, 0x75, 0x16, 0xEA, 0xBD, 0xE6, 0x81, 0x34, 0xD2, 0x34,
    0xE5, 0x13, 0x08, 0x38, 0x17, 0xD4, 0x5B, 0x03, 0xA2, 0xE2, 0x26, 0xDB, 0xD6, 0xC5, 0x2D, 0xB8,
    0xCA, 0x15, 0x8D, 0xF5, 0x75, 0xC3, 0x70, 0xD2, 0x98, 0xE7, 0xD8, 0x68, 0x41, 0xF3, 0x68, 0xFE,
    0x44, 0x48, 0x15, 0xB9, 0x2D, 0x10, 0x27, 0x4D, 0x72, 0x4F, 0x57, 0x6C, 0x7F, 0x37, 0x7F, 0x40,
    0x35, 0x37, 0xF1, 0x8E, 0x53, 0x97, 0x3C, 0x83, 0x0E, 0x0A, 0xB9, 0xAD, 0xD3, 0x63, 0xBB, 0x5C,
    0xF9, 0x03, 0x91, 0x3F, 0x3E, 0xD3, 0x78, 0x9C, 0x63, 0x60, 0x60, 0x64, 0x60, 0x10, 0xF8, 0xF5,
    0x9F, 0x83, 0xE1, 0xC2, 0xFF, 0xFF, 0xFB, 0x19, 0xBE, 0xFF, 0xFF, 0xFF, 0x9F, 0xF5, 0x0F, 0x90,
    0xE0, 0x02, 0x13, 0x3F, 0x81, 0x04, 0xDB, 0xA7, 0xFF, 0xFF, 0xEF, 0x33, 0x18, 0xFC, 0xFD, 0xAF,
    0xC3, 0xC0, 0x60, 0x60, 0xCA, 0x40, 0x0E, 0x78, 0x71, 0x9F, 0x9D, 0xE1, 0xC0, 0xFF, 0xFF, 0xEB,
    0xC1, 0xC6, 0xB3, 0x80, 0x4C, 0xE6, 0x84, 0x1B, 0xCF, 0x0E, 0x34, 0xFE, 0x3D, 0xA3, 0xC3, 0xBF,
    0xFF, 0xBA, 0x0C, 0x0C, 0x01, 0xEE, 0x0C, 0x0C, 0x00, 0xFA, 0x9E, 0x38, 0x3D, 0x78, 0x9C, 0xAD,
    0x8E, 0xD1, 0x0D, 0xC1, 0x00, 0x14, 0x45, 0x4F, 0xD3, 0x46, 0x54, 0x82, 0x1F, 0xFF, 0x6C, 0xA0,
    0x2B, 0x98, 0xC0, 0x0A, 0x36, 0x68, 0x37, 0x31, 0x02, 0x93, 0x98, 0xC1, 0x06, 0x62, 0x01, 0xB4,
    0x44, 0x22, 0x29, 0xC7, 0x6B, 0xAD, 0xE0, 0x7E, 0x9C, 0xAF, 0x73, 0x73, 0x2F, 0x90, 0x00, 0x45,
    0x7B, 0xCA, 0xE0, 0xA1, 0x25, 0xBC, 0x55, 0x16, 0x01, 0xB3, 0x1F, 0xF9, 0x04, 0x13, 0x9E, 0xBA,
    0x85, 0x4A, 0x87, 0x51, 0x58, 0xCD, 0xF8, 0x77, 0x6E, 0xBA, 0x84, 0x5A, 0xE7, 0xD0, 0xE8, 0x14,
    0xEE, 0x3A, 0xEE, 0x5F, 0x8D, 0xE8, 0xD6, 0x07, 0xF0, 0xD2, 0x14, 0x5A, 0xAF, 0xE1, 0xEB, 0x8E,
    0xEE, 0xE7, 0x1A, 0x36, 0x3A, 0x81, 0xBD, 0xE6, 0x70, 0xEC, 0x95, 0xF3, 0xE5, 0x10, 0xCA, 0x17,
    0xE1, 0xE2, 0x43, 0x73, 0x78, 0x9C, 0x63, 0x60, 0x40, 0x00, 0x67, 0x24, 0xF6, 0xD1, 0x7E, 0x38,
    0x53, 0xE0, 0xF9, 0x7F, 0x38, 0x47, 0xE1, 0xE7, 0x7F, 0x38, 0xC7, 0xE1, 0xF7, 0x7F, 0x38, 0x27,
    0xE1, 0xEF, 0x7F, 0x38, 0xA7, 0xF1, 0xDF, 0x7F, 0x38, 0x67, 0xF1, 0x7F, 0x08, 0xF0, 0x03, 0xB2,
    0x8F, 0x40, 0xD9, 0xD1, 0x40, 0xF6, 0x35, 0x08, 0xF3, 0xBD, 0x06, 0xD0, 0xF8, 0x1F, 0x10, 0xF6,
    0x7E, 0x56, 0xA0, 0xF8, 0x37, 0x08, 0xBB, 0x8F, 0x09, 0xA4, 0xF9, 0x07, 0x5C, 0x39, 0x94, 0x03,
    0x52, 0x0E, 0xE7, 0xC8, 0x31, 0x20, 0x71, 0xFE, 0x5B, 0x22, 0x73, 0xFE, 0xE7, 0x40, 0x38, 0x5F,
    0x21, 0xA6, 0xCD, 0x67, 0x86, 0x7A, 0x03, 0x0C, 0xCE, 0xB3, 0x41, 0x3C, 0x08, 0x75, 0x0D, 0x44,
    0x23, 0xCC, 0x9D, 0x39, 0xC8, 0x3E, 0xF8, 0x1F, 0x8F, 0xE4, 0x37, 0x98, 0x4F, 0xC1, 0xBE, 0x86,
    0x87, 0x81, 0xC1, 0x2F, 0x24, 0x0E, 0x83, 0xC0, 0x0B, 0x24, 0x0E, 0xC8, 0x93, 0x48, 0x1C, 0x86,
    0x2D, 0xC8, 0x1C, 0x06, 0x23, 0x00, 0x12, 0xE1, 0x9B, 0x92, 0x78, 0x9C, 0x9B, 0x34, 0x13, 0x01,
    0x34, 0xBF, 0xFC, 0x47, 0x00, 0x7F, 0x72, 0x38, 0x9B, 0x77, 0x23, 0x80, 0x36, 0x03, 0xA5, 0xE0,
    0xF2, 0x5D, 0x04, 0xB0, 0xA5, 0xD8, 0x6D, 0x4D, 0x1D, 0x08, 0xA0, 0x01, 0x00, 0xA1, 0x1A, 0x9B,
    0x77, 0x78, 0x9C, 0x33, 0x61, 0x40, 0x02, 0x3F, 0x62, 0x90, 0x39, 0xFF, 0xEB, 0x18, 0x91, 0x38,
    0xFF, 0xE7, 0x33, 0x21, 0x71, 0xFE, 0xEF, 0x67, 0x41, 0xE2, 0xFC, 0xBF, 0xCF, 0x86, 0xC4, 0xF9,
    0xFF, 0x5E, 0x02, 0xCC, 0x79, 0xF2, 0x1F, 0x02, 0xAC, 0xC0, 0xBC, 0xAD, 0x50, 0x9E, 0x0F, 0x98,
    0xD7, 0xF4, 0x0F, 0xC2, 0xCB, 0x05, 0xF3, 0x02, 0x7E, 0x43, 0x78, 0xFD, 0x60, 0x0B, 0x15, 0x5E,
    0x40, 0x78, 0xF9, 0x0C, 0x48, 0x1A, 0xFB, 0xA1, 0xD6, 0x81, 0x35, 0xC2, 0x38, 0x0C, 0x0F, 0x91,
    0x38, 0x93, 0x91, 0x94, 0x5D, 0x43, 0xE8, 0x31, 0xF8, 0x09, 0x31, 0x2D, 0x1E, 0xC8, 0x4E, 0xF8,
    0x03, 0x61, 0x83, 0x3C, 0x36, 0x19, 0xEA, 0x1E, 0x90, 0x97, 0x8F, 0x21, 0xB9, 0xF4, 0xEB, 0x7F,
    0x24, 0x3F, 0x40, 0xFC, 0x03, 0xF5, 0x1D, 0x98, 0x03, 0xF3, 0x37, 0x88, 0xB3, 0x9E, 0x19, 0x11,
    0x06, 0x7D, 0xF0, 0xB0, 0xFA, 0x01, 0xF5, 0x14, 0x84, 0xE3, 0x8D, 0x14, 0xA2, 0xCA, 0xC8, 0x61,
    0x0D, 0x00, 0x77, 0xB4, 0x9B, 0x48, 0x78, 0x9C, 0x63, 0x60, 0x60, 0x60, 0x68, 0x39, 0x7D, 0x77,
    0x8D, 0x39, 0x03, 0x18, 0x08, 0xBC, 0xF8, 0x0F, 0x02, 0xB5, 0x60, 0xCE, 0x93, 0xFF, 0x10, 0x60,
    0x0B, 0x64, 0x07, 0xFC, 0x87, 0x01, 0x16, 0x06, 0x86, 0xCF, 0x70, 0x8E, 0x3E, 0x03, 0xC3, 0x5F,
    0x38, 0x67, 0x3F, 0x83, 0x03, 0x88, 0x8A, 0x76, 0xFE, 0x01, 0xA2, 0x98, 0x17, 0x00, 0x89, 0x7A,
    0x06, 0x06, 0x85, 0x7F, 0x40, 0x9A, 0xE3, 0x02, 0x90, 0xE0, 0x06, 0x9A, 0xF3, 0x15, 0x44, 0x7F,
    0x00, 0x12, 0xAC, 0x40, 0x0E, 0x88, 0xE6, 0x99, 0x30, 0x73, 0xE6, 0x4C, 0x46, 0x18, 0x87, 0x01,
    0x0A, 0x3E, 0x01, 0x39, 0x5C, 0x30, 0xCE, 0x4F, 0x20, 0x87, 0x1D, 0xCA, 0x06, 0xBB, 0x83, 0x09,
    0xCA, 0xF9, 0x0E, 0x64, 0xAF, 0x87, 0xB2, 0x37, 0x82, 0x24, 0xE4, 0x20, 0x6C, 0x83, 0x7F, 0x60,
    0x07, 0x40, 0x38, 0x5F, 0x40, 0x6C, 0x3D, 0xA8, 0xF7, 0x40, 0x12, 0xF3, 0xA1, 0x3A, 0x1A, 0x80,
    0xEC, 0xF7, 0x2C, 0x50, 0xCE, 0x03, 0x84, 0x22, 0x88, 0xED, 0x30, 0x09, 0x90, 0xFE, 0xF3, 0x30,
    0x36, 0xC3, 0x37, 0xB0, 0x97, 0x10, 0xD6, 0xC7, 0x23, 0x73, 0xFC, 0xE1, 0x1C, 0x01, 0x41, 0x41,
    0x46, 0x06, 0xC2, 0xC0, 0xE0, 0xF7, 0x7E, 0x66, 0x38, 0xE7, 0x0B, 0xB2, 0x01, 0xC0, 0x40, 0x7D,
    0x0F, 0x63, 0x2B, 0x20, 0x79, 0x86, 0xC1, 0x00, 0x99, 0xC3, 0x00, 0xE2, 0xC0, 0x2D, 0x02, 0x86,
    0x7A, 0x3F, 0xDC, 0x80, 0x09, 0xFF, 0xFF, 0x73, 0x22, 0x2C, 0x4A, 0x52, 0x83, 0xD0, 0x00, 0x96,
    0x54, 0xB2, 0xF1, 0x78, 0x9C, 0x65, 0x93, 0x3D, 0x48, 0x1C, 0x61, 0x10, 0x86, 0xC7, 0xF3, 0x56,
    0x43, 0xEE, 0x3C, 0xAF, 0x49, 0xAD, 0x88, 0x60, 0xA7, 0xB1, 0xD1, 0x42, 0xD0, 0x43, 0x10, 0x02,
    0x42, 0x22, 0x04, 0xEB, 0x88, 0x20, 0x36, 0xA2, 0x62, 0x11, 0xED, 0xD4, 0x42, 0xC1, 0xEA, 0xEC,
    0x14, 0xC1, 0x9F, 0x56, 0x10, 0x56, 0x48, 0xAF, 0x76, 0xC1, 0x34, 0xA6, 0xD3, 0xD8, 0x9C, 0x01,
    0xAD, 0x2C, 0xFC, 0xFF, 0x3D, 0xCF, 0x71, 0xDE, 0x99, 0xFD, 0xF5, 0xA6, 0xD8, 0xDD, 0xEF, 0xD9,
    0x6F, 0x67, 0xDE, 0xF7, 0x9B, 0x59, 0x22, 0x3F, 0xB2, 0x0D, 0x0D, 0x15, 0x54, 0x16, 0x73, 0xE7,
    0x2C, 0xB1, 0xF3, 0x25, 0x4E, 0xFB, 0x8A, 0xEC, 0x85, 0x5B, 0x19, 0xC1, 0xE3, 0xAF, 0x1C, 0xC4,
    0x41, 0x32, 0xC0, 0xB9, 0x12, 0x47, 0xC2, 0x0D, 0xAA, 0x3C, 0x71, 0x2C, 0x3A, 0x3D, 0xBC, 0xAD,
    0xAB, 0x8B, 0xAD, 0x85, 0xE5, 0x3F, 0xF6, 0xC2, 0x31, 0xFE, 0x82, 0xE7, 0x91, 0x04, 0x1E, 0x3F,
    0xFF, 0xC6, 0xF3, 0xB7, 0x70, 0x7B, 0x87, 0x9F, 0xF3, 0x17, 0x56, 0xBA, 0xE7, 0x51, 0x1E, 0xBE,
    0x86, 0xDA, 0xCE, 0x64, 0x59, 0x83, 0x4F, 0xA1, 0x2D, 0x62, 0xB4, 0x5E, 0x34, 0xE7, 0xE5, 0xBE,
    0x27, 0x3C, 0x0D, 0xB1, 0x4B, 0x2B, 0xED, 0xFA, 0xE2, 0xBF, 0x00, 0xD9, 0x77, 0x27, 0x52, 0xE4,
    0x36, 0x0B, 0x6B, 0xA3, 0x7F, 0x99, 0x53, 0x48, 0xF0, 0x81, 0xA8, 0xA4, 0xF5, 0x07, 0xCC, 0xF1,
    0x3F, 0xE1, 0x28, 0x58, 0xAB, 0xE9, 0x3F, 0x5A, 0x71, 0x8B, 0x14, 0x5D, 0x31, 0xFF, 0xA0, 0x45,
    0x95, 0x35, 0xCE, 0x11, 0x2E, 0xC8, 0xA5, 0x13, 0x51, 0x43, 0x74, 0x13, 0xE5, 0x39, 0xA9, 0x48,
    0xD7, 0xCC, 0x63, 0x66, 0x79, 0x6D, 0x72, 0xDF, 0x78, 0x16, 0x82, 0xEE, 0x99, 0xEB, 0xB4, 0x88,
    0xBC, 0xA5, 0x53, 0xE5, 0x90, 0x52, 0xF9, 0x04, 0x77, 0x28, 0x92, 0xF4, 0x3C, 0x0A, 0x97, 0x26,
    0x39, 0x45, 0xC8, 0x11, 0xD9, 0xEB, 0xEA, 0xA9, 0xA8, 0xFC, 0x99, 0xB9, 0xAA, 0x04, 0x13, 0xA2,
    0xAC, 0x4B, 0xF9, 0x83, 0x72, 0xC9, 0x51, 0x2D, 0x7E, 0xAA, 0x20, 0xA7, 0x56, 0xF9, 0x6D, 0xC0,
    0x19, 0xFC, 0xD6, 0x8E, 0x50, 0xF5, 0x86, 0xDC, 0x09, 0xF9, 0x75, 0x90, 0x9F, 0xBD, 0x3C, 0x99,
    0xC8, 0x7E, 0xE8, 0x91, 0xFC, 0xD5, 0xD8, 0x56, 0xA7, 0xFC, 0xCE, 0xD7, 0x9F, 0x50, 0x3D, 0x97,
    0x38, 0x29, 0xAF, 0x77, 0xC2, 0x25, 0x87, 0x29, 0xDE, 0xD3, 0x43, 0x22, 0xDD, 0x99, 0x82, 0xBB,
    0x02, 0x6A, 0x67, 0x68, 0x86, 0x91, 0x8D, 0xF4, 0x58, 0xD3, 0x70, 0x9F, 0x27, 0x39, 0x9F, 0x16,
    0xAA, 0x67, 0xEB, 0x29, 0xBA, 0x90, 0x31, 0x97, 0x37, 0x7A, 0x62, 0x18, 0xDB, 0xDD, 0x4D, 0x1D,
    0x5E, 0xF7, 0x7B, 0x09, 0x1F, 0x9D, 0x20, 0x19, 0x04, 0xC5, 0x22, 0x49, 0x1B, 0x7A, 0xF5, 0xFB,
    0x55, 0xF0, 0x46, 0x97, 0xD0, 0x1C, 0x8C, 0xC9, 0x83, 0x81, 0x66, 0xBB, 0xA5, 0x4D, 0xDA, 0xB4,
    0xFC, 0x18, 0x3A, 0x0F, 0x07, 0x09, 0xED, 0xFF, 0xBA, 0x67, 0x11, 0x3D, 0x19, 0x90, 0x56, 0xEE,
    0x3A, 0xDA, 0x21, 0x57, 0xFF, 0x0C, 0xCC, 0x9B, 0x9A, 0xED, 0x6E, 0xC4, 0x75, 0x70, 0xB2, 0xCD,
    0x86, 0x12, 0xBD, 0xC3, 0x7C, 0x95, 0x05, 0x4A, 0x16, 0x9C, 0x72, 0xBE, 0xA8, 0x02, 0x9B, 0x6C,
    0x91, 0x3B, 0x0A, 0x3F, 0x7D, 0x56, 0x6D, 0x3B, 0x53, 0xFD, 0xFD, 0xF3, 0xC7, 0x7E, 0x83, 0x10,
    0x33, 0x31, 0xAB, 0x5D, 0x61, 0xA6, 0xD3, 0x28, 0xCF, 0xBF, 0x2B, 0xED, 0xC7, 0x45, 0x84, 0x67,
    0x0F, 0x43, 0xDE, 0x1B, 0x13, 0x35, 0x71, 0x6E, 0x74, 0xF5, 0xD3, 0x7B, 0xB9, 0xAD, 0x43, 0x3F,
    0x87, 0x7B, 0x12, 0xC1, 0xF2, 0x0D, 0x22, 0x32, 0x3D, 0x51, 0x78, 0x9C, 0x55, 0xD2, 0xCF, 0x55,
    0x02, 0x31, 0x10, 0x06, 0xF0, 0x88, 0x22, 0x7F, 0x04, 0xA1, 0x03, 0xED, 0x40, 0x3B, 0xD0, 0x83,
    0x77, 0xE4, 0xE0, 0x19, 0x3B, 0x80, 0x0E, 0xB4, 0x03, 0xE8, 0x00, 0x3B, 0xC0, 0xBB, 0x07, 0xED,
    0x00, 0x3B, 0x90, 0x0E, 0x40, 0x44, 0x41, 0x10, 0xE2, 0x37, 0xF3, 0x4D, 0x76, 0x87, 0x79, 0x8F,
    0xCD, 0xE4, 0xB7, 0x9B, 0xCC, 0xF0, 0x92, 0x10, 0x24, 0xDA, 0x77, 0x88, 0xA3, 0xE0, 0x62, 0x15,
    0x11, 0xA7, 0x5E, 0x76, 0x22, 0x2D, 0x07, 0x97, 0x02, 0x71, 0xE4, 0x64, 0xA0, 0x12, 0x9D, 0x4C,
    0x28, 0xC5, 0x5C, 0x16, 0x94, 0x6A, 0x2E, 0xBF, 0x94, 0x46, 0x2E, 0x84, 0xD8, 0xC9, 0xE0, 0x16,
    0xB3, 0x2E, 0x7E, 0xAF, 0x99, 0x3C, 0x61, 0x76, 0xB6, 0xC6, 0xE3, 0x20, 0xC9, 0x0C, 0x93, 0x93,
    0x6F, 0x3C, 0x8E, 0x93, 0xE8, 0x44, 0x39, 0xC9, 0x46, 0x16, 0xE8, 0x52, 0x83, 0x26, 0xF2, 0x31,
    0xB7, 0x37, 0xB9, 0x67, 0xAE, 0xCE, 0x78, 0xE6, 0xF7, 0x9B, 0xBC, 0xD8, 0x27, 0xD2, 0x5A, 0x08,
    0x3F, 0x18, 0x4A, 0x14, 0x4B, 0xED, 0x85, 0xC4, 0x1F, 0xD2, 0x02, 0x17, 0x5F, 0xB8, 0x52, 0x2C,
    0xD0, 0x57, 0xE9, 0x21, 0x7B, 0xB0, 0x37, 0x1F, 0x2A, 0x6F, 0x22, 0x37, 0x08, 0xF9, 0xFB, 0x87,
    0x22, 0xF3, 0xE8, 0xA2, 0x2C, 0xB2, 0xF4, 0xA2, 0x27, 0xB4, 0xF5, 0x72, 0x95, 0x9D, 0x4C, 0x8A,
    0x21, 0xE4, 0x71, 0x4F, 0xA6, 0x90, 0x77, 0x19, 0x5F, 0x34, 0x84, 0x70, 0xF8, 0x5F, 0x18, 0xEA,
    0x6C, 0x5E, 0x6A, 0x54, 0x78, 0x32, 0x65, 0xCA, 0x9C, 0xC5, 0x76, 0xA9, 0x2F, 0x6E, 0xD0, 0x0A,
    0xD7, 0xB6, 0x5D, 0xB0, 0x22, 0x23, 0xBD, 0x04, 0x7D, 0x93, 0x73, 0xBD, 0x0E, 0x13, 0x6B, 0x2B,
    0xA4, 0x66, 0x8B, 0x0B, 0x7F, 0xB9, 0xE4, 0xAA, 0x55, 0xD7, 0xAC, 0xC8, 0x90, 0x4E, 0x1A, 0xFF,
    0x15, 0xBE, 0x34, 0x09, 0x78, 0x9C, 0x0B, 0x09, 0x85, 0x00, 0x15, 0x06, 0x30, 0xF8, 0xFB, 0x1F,
    0x0A, 0xCE, 0x6B, 0xA0, 0x70, 0xFF, 0xFF, 0xE7, 0x44, 0xE5, 0xDE, 0x67, 0x42, 0xE1, 0xFE, 0x97,
    0x43, 0xE5, 0xAE, 0x87, 0x70, 0xEF, 0xDE, 0xBD, 0xFB, 0x0F, 0xCC, 0x67, 0x02, 0x71, 0xEF, 0x83,
    0x8C, 0x7C, 0x06, 0xE2, 0xB2, 0xC3, 0xB9, 0x02, 0x20, 0x65, 0x5C, 0x70, 0x2E, 0xC3, 0x57, 0x20,
    0x97, 0x07, 0xC1, 0xFD, 0x00, 0xE4, 0x72, 0xA3, 0x72, 0x91, 0x14, 0x7F, 0x02, 0x72, 0xD9, 0x10,
    0xDC, 0x9F, 0x40, 0x2E, 0x03, 0x9C, 0x5B, 0x00, 0xE4, 0xE5, 0x43, 0xB8, 0x4A, 0x4A, 0x4A, 0xC9,
    0x7F, 0x80, 0x5C, 0x0E, 0x14, 0x47, 0xC6, 0xA1, 0xF8, 0x28, 0x1A, 0xD5, 0xBF, 0x6B, 0xD9, 0x50,
    0xFD, 0xFB, 0x9E, 0x0D, 0xD5, 0x83, 0xF3, 0x21, 0x26, 0x0B, 0x0A, 0x0A, 0x2A, 0x1E, 0x43, 0xF5,
    0x11, 0xC3, 0x37, 0x20, 0x57, 0x1F, 0xC1, 0x6D, 0x00, 0xAB, 0x86, 0x73, 0x05, 0x40, 0x86, 0x21,
    0xB8, 0x0C, 0x20, 0x77, 0x31, 0xA2, 0x72, 0x99, 0x11, 0x5C, 0x50, 0xE8, 0x31, 0xC1, 0xB9, 0x01,
    0xFF, 0x51, 0x14, 0x7F, 0x85, 0x19, 0xF5, 0xDE, 0xC5, 0xC5, 0x25, 0xE4, 0xC4, 0x7F, 0x98, 0x45,
    0x08, 0xA0, 0x8F, 0xCA, 0x65, 0xC7, 0x16, 0x47, 0x30, 0x80, 0x1A, 0x38, 0xDA, 0x48, 0xDE, 0x7F,
    0xBF, 0x46, 0x0C, 0x64, 0x1D, 0x00, 0xE7, 0xF5, 0x64, 0xC0, 0x78, 0x9C, 0x63, 0x60, 0x00, 0x81,
    0xA4, 0x9D, 0x77, 0xF6, 0x64, 0x32, 0x31, 0xC0, 0xC1, 0xF5, 0xFF, 0x20, 0xF0, 0x5E, 0x1C, 0xC6,
    0x7F, 0xF6, 0x1F, 0x0A, 0xD8, 0x21, 0xFC, 0x83, 0x30, 0xFE, 0xFF, 0xF3, 0x8C, 0x20, 0xBE, 0xC2,
    0x5F, 0xB8, 0xC0, 0x7F, 0x3D, 0x90, 0xC0, 0x43, 0x04, 0xFF, 0xFF, 0x7B, 0x90, 0x92, 0x3F, 0x48,
    0x02, 0xFF, 0xB9, 0x19, 0x18, 0x1A, 0xC0, 0x32, 0xE6, 0x0C, 0x0A, 0xC7, 0x40, 0x8C, 0x78, 0x06,
    0x86, 0x4F, 0x20, 0x9A, 0x03, 0xA4, 0xF7, 0x1B, 0x90, 0x71, 0x9F, 0x81, 0xE1, 0x27, 0x90, 0xCA,
    0x07, 0xDB, 0xE6, 0x00, 0x92, 0x62, 0x11, 0x80, 0x2B, 0x60, 0x60, 0xF8, 0x01, 0x64, 0x72, 0x25,
    0x80, 0x4C, 0x80, 0x3A, 0xF0, 0x23, 0x90, 0xCD, 0xBB, 0x01, 0x48, 0xD4, 0x43, 0x05, 0x40, 0x6C,
    0xF9, 0x0F, 0x20, 0x02, 0x2A, 0x60, 0x10, 0x1A, 0x1A, 0x2A, 0x0A, 0x52, 0xC6, 0xC3, 0x80, 0x04,
    0xBE, 0x00, 0x05, 0x38, 0x91, 0x05, 0xBE, 0x21, 0x3C, 0x89, 0x10, 0x60, 0x45, 0x16, 0xF8, 0x4E,
    0x50, 0x00, 0xA4, 0x85, 0x0D, 0x59, 0xE0, 0x2B, 0xBA, 0xA1, 0x9F, 0x41, 0xEE, 0x47, 0x16, 0x00,
    0xB9, 0x94, 0x17, 0x59, 0xE0, 0x02, 0x50, 0x40, 0x1F, 0xE6, 0xF4, 0xB4, 0xB4, 0x34, 0xB1, 0x09,
    0x40, 0x81, 0x7E, 0xA8, 0xC0, 0x01, 0x20, 0x9B, 0x1F, 0x1C, 0x2A, 0x8C, 0x10, 0x81, 0x4F, 0x60,
    0xED, 0xFF, 0x20, 0x41, 0x0B, 0x02, 0xBF, 0xC1, 0x61, 0x05, 0x72, 0xD9, 0x7A, 0x30, 0x1F, 0xA4,
    0xFB, 0x3F, 0x13, 0xC3, 0x03, 0x10, 0x65, 0x03, 0xE4, 0x2B, 0xFC, 0x86, 0x48, 0x81, 0x0D, 0xF9,
    0xDF, 0x13, 0x5A, 0x0A, 0xE2, 0x83, 0xC3, 0xEA, 0x27, 0x72, 0x44, 0x81, 0x7C, 0xB1, 0x01, 0x89,
    0x0F, 0x71, 0xC0, 0x2F, 0x84, 0x00, 0x24, 0xEC, 0x0A, 0xE0, 0xFC, 0x78, 0xA8, 0x0B, 0x17, 0x41,
    0xF9, 0xF3, 0x19, 0x61, 0x1E, 0x6A, 0x02, 0x27, 0x91, 0x5E, 0x38, 0x9F, 0x81, 0x41, 0x20, 0xA5,
    0x3C, 0x5D, 0x04, 0xC2, 0x04, 0x00, 0x53, 0x98, 0x1F, 0x07, 0x78, 0x9C, 0x7D, 0xD2, 0xBD, 0x0E,
    0x01, 0x41, 0x10, 0x07, 0xF0, 0xB5, 0xBE, 0x8E, 0x3B, 0xA2, 0xD1, 0x8A, 0x17, 0x10, 0xC5, 0x69,
    0x55, 0x4A, 0x2D, 0x35, 0xDE, 0x40, 0xA3, 0x52, 0x78, 0x8E, 0x8B, 0x82, 0x56, 0x75, 0x8F, 0xE0,
    0x15, 0xF4, 0x12, 0xC4, 0x0B, 0x1C, 0xE2, 0x2B, 0x84, 0x35, 0x3B, 0x27, 0x76, 0x66, 0x0B, 0xD3,
    0xFD, 0x36, 0xFB, 0xF9, 0x9F, 0xED, 0x74, 0xB1, 0x1A, 0x09, 0x11, 0xD7, 0x4B, 0x7D, 0x6B, 0x2C,
    0xB9, 0x55, 0x98, 0xE4, 0x56, 0x33, 0xCB, 0xAA, 0x66, 0x39, 0x92, 0xDC, 0xAA, 0x82, 0x8E, 0x7C,
    0xBF, 0x35, 0x7A, 0x6A, 0x2F, 0xD1, 0x5B, 0x3C, 0xE8, 0xA6, 0x07, 0xD2, 0xC6, 0x55, 0xBD, 0xB2,
    0x68, 0x2C, 0xF6, 0xE0, 0x1E, 0x71, 0x1F, 0x37, 0x30, 0x16, 0x6F, 0x18, 0xA0, 0xBE, 0x83, 0x53,
    0xC4, 0x67, 0x70, 0x96, 0xF8, 0x08, 0xCE, 0x11, 0x1F, 0xC0, 0x2E, 0xF1, 0x0E, 0xEC, 0x11, 0xAF,
    0xC0, 0x05, 0xCB, 0xDE, 0x9F, 0xF9, 0xF6, 0x7E, 0x27, 0xB0, 0x43, 0x7C, 0x01, 0x67, 0x88, 0x1F,
    0x60, 0x69, 0x5C, 0xD2, 0x09, 0x92, 0xF7, 0xCC, 0x31, 0x72, 0xE3, 0x2B, 0xB8, 0x6E, 0x3C, 0xD4,
    0xF9, 0xB9, 0x3F, 0x0F, 0x30, 0x78, 0x89, 0x79, 0x07, 0xC1, 0x62, 0x8D, 0xF9, 0x4F, 0xAC, 0x7E,
    0xE4, 0xB9, 0x43, 0xAB, 0x7F, 0x0E, 0x77, 0x93, 0xF7, 0xBB, 0x4D, 0xFF, 0xC7, 0x66, 0x5A, 0x8E,
    0x6F, 0xF5, 0x01, 0xAC, 0x8F, 0x52, 0x57, 0x78, 0x9C, 0x0B, 0x09, 0x45, 0x00, 0xE6, 0xBF, 0xFF,
    0x11, 0x80, 0x8B, 0x1A, 0x9C, 0xFB, 0x0C, 0x30, 0x40, 0x5B, 0xCE, 0x7B, 0xA8, 0x0F, 0x54, 0x19,
    0x90, 0x5C, 0x90, 0x4F, 0x15, 0x0E, 0xBD, 0xBD, 0x10, 0xCA, 0x82, 0x1C, 0x88, 0xDC, 0x14, 0x73,
    0x00, 0xA4, 0x20, 0x22, 0xC8, 0x78, 0x9C, 0x0B, 0x09, 0x45, 0x00, 0xC6, 0xBF, 0xFF, 0x11, 0x80,
    0x99, 0x1A, 0x9C, 0xFB, 0x0C, 0x30, 0x40, 0x5B, 0xCE, 0x7B, 0xA8, 0x0F, 0x98, 0x19, 0x90, 0x5C,
    0xC0, 0x45, 0x15, 0x0E, 0xBD, 0xBC, 0x40, 0x2B, 0x0E, 0x00, 0xF0, 0xA0, 0xEC, 0x7F, 0x78, 0x9C,
    0x63, 0x60, 0x00, 0x81, 0xA4, 0x9D, 0x77, 0xF6, 0x64, 0x32, 0x31, 0xC0, 0xC1, 0xB5, 0xFF, 0x20,
    0x70, 0x9F, 0x0D, 0xC6, 0x7F, 0xF6, 0x1F, 0x0A, 0xA0, 0x22, 0x1B, 0x61, 0xFC, 0xFF, 0xE7, 0x19,
    0x41, 0x7C, 0x81, 0xBF, 0x70, 0x81, 0xFF, 0xB2, 0x20, 0x81, 0x8B, 0x08, 0xFE, 0xFF, 0xF7, 0x20,
    0x25, 0x7F, 0x90, 0x04, 0xFE, 0x73, 0x33, 0x30, 0x14, 0x80, 0x65, 0xCC, 0x19, 0x04, 0x8E, 0x82,
    0x18, 0xF9, 0x0C, 0x0C, 0x1F, 0x41, 0x34, 0x07, 0x48, 0xEF, 0x57, 0x90, 0xD5, 0x0C, 0x0C, 0x3F,
    0x21, 0xE2, 0x40, 0xE0, 0x00, 0x92, 0x62, 0x65, 0x80, 0x2B, 0x60, 0x60, 0xF8, 0x01, 0x64, 0x72,
    0x05, 0x80, 0x4C, 0x80, 0x3A, 0x10, 0xA4, 0x9B, 0x77, 0x01, 0x5C, 0x07, 0x03, 0x43, 0x40, 0x5A,
    0x5A, 0x1A, 0xDB, 0x03, 0xA0, 0x80, 0x3C, 0x03, 0x12, 0x00, 0x29, 0xE3, 0x41, 0x16, 0xF8, 0x02,
    0x14, 0xE0, 0x44, 0x16, 0xF8, 0x06, 0x14, 0x60, 0x47, 0x16, 0xF8, 0x0E, 0xB6, 0x1B, 0x08, 0x4A,
    0xCB, 0xC1, 0xC0, 0x1C, 0x2E, 0x00, 0xF5, 0x52, 0x3E, 0x86, 0xC0, 0x37, 0x58, 0x40, 0xC1, 0x04,
    0xBE, 0xC2, 0x0C, 0x85, 0x09, 0x7C, 0x06, 0xB9, 0x1F, 0x59, 0xE0, 0x03, 0x90, 0xE0, 0x03, 0x09,
    0x84, 0x84, 0x86, 0x86, 0x02, 0xD9, 0xF1, 0x17, 0x80, 0x84, 0x3D, 0xD4, 0x09, 0x0A, 0x40, 0xB6,
    0xFF, 0x04, 0x20, 0x31, 0x1F, 0xE6, 0x39, 0x90, 0xBF, 0xC0, 0xA1, 0x02, 0x8D, 0xB3, 0x0D, 0x60,
    0xED, 0xFF, 0x10, 0xBE, 0x83, 0xF8, 0x0B, 0xE4, 0xB2, 0xFD, 0x10, 0x23, 0x40, 0x72, 0x2C, 0x0C,
    0x20, 0x53, 0xFF, 0xFB, 0xC2, 0xBC, 0x75, 0x1E, 0x1A, 0xB4, 0xFF, 0x7B, 0xC3, 0x4A, 0x7F, 0x81,
    0x68, 0x7F, 0x68, 0xD0, 0xC2, 0x01, 0x28, 0x68, 0x16, 0x20, 0xF1, 0xCF, 0x83, 0x0D, 0xFB, 0x85,
    0x10, 0x90, 0x01, 0x0B, 0x24, 0xC0, 0xF9, 0x30, 0x17, 0x2E, 0x82, 0x69, 0x60, 0x86, 0x85, 0x63,
    0x11, 0xD8, 0xAB, 0xF3, 0xE0, 0x7C, 0x20, 0x08, 0x2E, 0x4B, 0x17, 0x81, 0xB0, 0x00, 0xC0, 0x47,
    0x49, 0x9E, 0x78, 0x9C, 0x0B, 0x09, 0x0D, 0x75, 0x65, 0x80, 0x00, 0x83, 0xD0, 0xD0, 0x50, 0xD6,
    0xBF, 0xFF, 0xFF, 0xDF, 0x87, 0xF2, 0x1B, 0xFE, 0xFF, 0xFF, 0xAF, 0x3F, 0x0C, 0xF9, 0xEF, 0x43,
    0x21, 0x60, 0x2B, 0x94, 0x8F, 0x0C, 0x68, 0xC1, 0x1F, 0x68, 0xFF, 0xD2, 0x95, 0x0F, 0x00, 0x5F,
    0x32, 0x41, 0x87, 0x78, 0x9C, 0x0B, 0x09, 0x0D, 0x75, 0xFD, 0xFB, 0xFF, 0xFF, 0xFD, 0xC1, 0x84,
    0x01, 0x06, 0xC2, 0x8B, 0xEC, 0x78, 0x9C, 0x63, 0x60, 0x80, 0x80, 0xC0, 0xD0, 0xD0, 0x50, 0x46,
    0x28, 0x9B, 0xE1, 0xCB, 0xFF, 0xFF, 0xFF, 0x59, 0x47, 0x39, 0x64, 0x71, 0x58, 0x8C, 0x81, 0x00,
    0xC4, 0xF9, 0x0A, 0xE2, 0xFC, 0xF9, 0xFF, 0xFF, 0x3D, 0x88, 0xF3, 0x0D, 0xC8, 0x61, 0xFE, 0x0D,
    0x24, 0x98, 0x80, 0x9C, 0x5F, 0x40, 0x9A, 0xF1, 0x07, 0x90, 0xE0, 0x62, 0x60, 0x50, 0x00, 0x52,
    0xF7, 0xC1, 0x1A, 0xFB, 0x19, 0x18, 0x1E, 0x03, 0xA9, 0x7A, 0x86, 0x07, 0x40, 0xF2, 0xFF, 0xF9,
    0xDB, 0x20, 0x52, 0x9E, 0x21, 0xE1, 0x3F, 0x1C, 0xB0, 0x33, 0x30, 0xFC, 0x86, 0xB1, 0xD7, 0x03,
    0x8D, 0x39, 0x00, 0xE3, 0x70, 0x81, 0x6C, 0xF8, 0x01, 0x61, 0xE7, 0x83, 0x1D, 0xA2, 0xF0, 0x02,
    0xC4, 0xAE, 0x85, 0x45, 0x68, 0x50, 0x59, 0xBA, 0x08, 0x98, 0x01, 0x00, 0x1C, 0x19, 0xBF, 0x4C,
    0x78, 0x9C, 0x5D, 0xD1, 0xCB, 0x0D, 0xC2, 0x30, 0x0C, 0x06, 0x60, 0xB7, 0x40, 0x2B, 0x24, 0x60,
    0x03, 0x1E, 0x13, 0x00, 0x1B, 0xD0, 0x0B, 0x67, 0x2E, 0x74, 0x8E, 0x8E, 0x00, 0x1B, 0x30, 0x02,
    0x6C, 0x40, 0x37, 0x60, 0x84, 0x8A, 0x09, 0x10, 0x2C, 0xD0, 0x0B, 0x14, 0x21, 0x88, 0x82, 0x6D,
    0x1A, 0xBB, 0xC4, 0x87, 0x28, 0x9F, 0xDC, 0x5F, 0x8A, 0xDD, 0x75, 0x9A, 0x2E, 0x81, 0x2B, 0x49,
    0xB1, 0x42, 0x63, 0xED, 0xE5, 0xE7, 0xBB, 0xC5, 0x6B, 0x20, 0x9E, 0x20, 0xED, 0x14, 0xC4, 0x67,
    0x72, 0x5B, 0xFD, 0x46, 0x66, 0x20, 0xDE, 0x52, 0xBB, 0xAB, 0x7E, 0x20, 0x0B, 0x10, 0xCF, 0xA9,
    0x3D, 0x54, 0x5F, 0xC9, 0xA1, 0xFA, 0x83, 0x5C, 0x81, 0xF8, 0x40, 0xED, 0x58, 0xFD, 0x44, 0x1E,
    0x41, 0x9C, 0x50, 0xBB, 0xA7, 0xBE, 0x21, 0xCB, 0x40, 0x8D, 0x87, 0x5D, 0x80, 0x38, 0xA7, 0xCF,
    0x3B, 0xE2, 0xF2, 0x85, 0xDC, 0x80, 0x98, 0x6B, 0xE7, 0xD9, 0xB6, 0x3C, 0xF7, 0x3D, 0xEF, 0x3D,
    0xE3, 0x6E, 0xC4, 0x19, 0x1D, 0x03, 0x75, 0x54, 0x49, 0xC0, 0xF0, 0x2D, 0x97, 0x80, 0xE1, 0x49,
    0x78, 0xD9, 0x23, 0xF7, 0x3E, 0x9C, 0xA4, 0x72, 0x03, 0xD7, 0xFB, 0x91, 0x11, 0x6A, 0x4B, 0xC0,
    0xED, 0x9B, 0x02, 0xA7, 0x86, 0x39, 0x10, 0xA9, 0x39, 0x30, 0x56, 0xBB, 0x80, 0xB8, 0x0E, 0xFC,
    0xFF, 0xFF, 0x99, 0x9A, 0x03, 0x45, 0xC3, 0x1C, 0x88, 0xBF, 0xE1, 0xAD, 0x38, 0xB4, 0x78, 0x9C,
    0x0B, 0x09, 0x0D, 0x75, 0x65, 0x80, 0x82, 0xBF, 0xFF, 0xFF, 0xDF, 0x1F, 0x65, 0xD3, 0x8C, 0xFD,
    0x3E, 0x14, 0x02, 0x54, 0x81, 0x6C, 0x18, 0xA8, 0xA7, 0x84, 0x0D, 0x00, 0xA0, 0x06, 0xBC, 0x04,
    0x78, 0x9C, 0x55, 0xD1, 0xC1, 0x0D, 0x82, 0x30, 0x14, 0x80, 0xE1, 0xAA, 0x89, 0x68, 0xA2, 0xE8,
    0x32, 0x9E, 0xF5, 0xE2, 0x59, 0x0F, 0xF6, 0x4C, 0x37, 0xD0, 0x8D, 0x74, 0x03, 0xD8, 0x00, 0x36,
    0xD0, 0x05, 0x18, 0x42, 0x31, 0x51, 0x34, 0x52, 0xFB, 0xFA, 0xFA, 0xFA, 0x1E, 0x1C, 0x68, 0xFA,
    0x41, 0xFA, 0x17, 0x7A, 0xD0, 0x5A, 0x6F, 0x55, 0xBC, 0xDC, 0x4C, 0xAF, 0x7E, 0xD6, 0x5D, 0x91,
    0x36, 0x30, 0x3B, 0x7B, 0x1B, 0x93, 0x5D, 0xD8, 0x66, 0x64, 0x77, 0xB6, 0x35, 0xD9, 0x8B, 0x2D,
    0x27, 0xEB, 0xD8, 0xEC, 0x40, 0x24, 0xC8, 0x12, 0xB4, 0x42, 0xDA, 0x1C, 0xED, 0x21, 0x6D, 0x87,
    0xF6, 0x96, 0x96, 0x8B, 0x04, 0x19, 0x46, 0xF6, 0xB6, 0x67, 0x13, 0xB0, 0x8A, 0xAD, 0x74, 0x63,
    0x1A, 0x12, 0xD7, 0x0E, 0x2D, 0x6F, 0xAD, 0xCD, 0xC0, 0x60, 0x24, 0x73, 0xCF, 0x4B, 0x30, 0x78,
    0x9F, 0x0C, 0xD6, 0x19, 0x2A, 0x65, 0x60, 0x5D, 0x32, 0x83, 0x91, 0x1B, 0x3C, 0x22, 0x53, 0x18,
    0x69, 0x60, 0x89, 0x68, 0x18, 0xF9, 0xC0, 0x3D, 0x1A, 0x6C, 0x42, 0x2D, 0xFD, 0xDB, 0xD1, 0x20,
    0x32, 0x3A, 0xF9, 0x55, 0xA3, 0x41, 0x64, 0xEA, 0x13, 0x6C, 0x10, 0x59, 0x3C, 0xFD, 0x2E, 0xD9,
    0x5C, 0xE4, 0xF8, 0xF5, 0x21, 0xB6, 0x06, 0xBF, 0x3E, 0x95, 0x56, 0xC5, 0xBF, 0xC3, 0x66, 0xD0,
    0x86, 0xD2, 0x94, 0xA7, 0x52, 0xF5, 0xAC, 0x05, 0xCB, 0xFA, 0xD6, 0x84, 0x84, 0xB4, 0x8A, 0x0E,
    0x40, 0x98, 0x09, 0x09, 0x69, 0x2A, 0x24, 0x7A, 0x46, 0x67, 0x22, 0xAD, 0x09, 0x67, 0x27, 0xAD,
    0xA8, 0xEB, 0x84, 0xEC, 0x0F, 0x0D, 0xB6, 0xCD, 0xD8, 0x78, 0x9C, 0x5D, 0xCE, 0xCD, 0x11, 0xC1,
    0x50, 0x14, 0xC5, 0xF1, 0x3B, 0x13, 0x09, 0x16, 0x4C, 0x2A, 0x40, 0x07, 0x74, 0xA0, 0x05, 0x0B,
    0x6F, 0xAF, 0x04, 0x1D, 0xD0, 0x81, 0x12, 0xE8, 0x80, 0x0E, 0xE8, 0x20, 0x3A, 0x88, 0x16, 0xC4,
    0xE7, 0x98, 0x24, 0xD7, 0x7D, 0xF3, 0x0C, 0xC7, 0xB9, 0xAB, 0xFF, 0x6F, 0x71, 0x66, 0xEE, 0xD4,
    0xB9, 0x58, 0xC2, 0x4D, 0x9C, 0x73, 0x51, 0xA5, 0xBA, 0xF8, 0xF8, 0xAC, 0xAA, 0x6D, 0xB3, 0x46,
    0xE4, 0x0E, 0x79, 0x45, 0xD6, 0x06, 0xB9, 0x4B, 0x5E, 0x93, 0xC3, 0x00, 0xDC, 0x23, 0x6F, 0xC9,
    0x1A, 0x93, 0xFB, 0xE4, 0x3D, 0x38, 0x7F, 0x59, 0x24, 0xE0, 0x93, 0xC5, 0x10, 0x3C, 0xB2, 0xC8,
    0xC0, 0xF2, 0xB4, 0x6A, 0x82, 0x8F, 0x56, 0x63, 0xB0, 0x1F, 0xE4, 0x60, 0x79, 0x58, 0xB6, 0xC0,
    0x07, 0x3F, 0x00, 0x0F, 0xFC, 0xA0, 0xF8, 0x59, 0xEE, 0xD6, 0x25, 0x78, 0x17, 0xDE, 0xFE, 0x3A,
    0xAD, 0xFF, 0x2D, 0x37, 0xF2, 0x86, 0x2C, 0x35, 0xF9, 0x4A, 0x5E, 0x92, 0xA5, 0x22, 0x5F, 0xC8,
    0x73, 0xB2, 0x94, 0xE4, 0x82, 0x3C, 0xF3, 0x7E, 0x03, 0x4E, 0x87, 0x6E, 0x07, 0x78, 0x9C, 0x6D,
    0x92, 0xBD, 0x32, 0x43, 0x51, 0x10, 0xC7, 0xFF, 0x09, 0x91, 0x10, 0x32, 0x8A, 0xF4, 0x49, 0xA7,
    0xE3, 0x05, 0x52, 0x68, 0xF4, 0xDE, 0x20, 0x19, 0x8A, 0x4C, 0x2A, 0x52, 0x29, 0xA3, 0xD1, 0x31,
    0x78, 0x02, 0xDE, 0xE0, 0x6A, 0xCD, 0x98, 0x11, 0x8D, 0x96, 0x4E, 0x63, 0xC6, 0x68, 0xB4, 0x49,
    0x44, 0x12, 0x11, 0x1C, 0xBB, 0x7B, 0x76, 0xCF, 0x3D, 0x85, 0x2D, 0xF6, 0xEE, 0xFE, 0xE6, 0xEE,
    0xF7, 0x01, 0x58, 0x76, 0xAE, 0x9F, 0x6F, 0x5A, 0x59, 0xA4, 0xF2, 0xE4, 0x58, 0x5E, 0xF2, 0x01,
    0xBC, 0x39, 0x15, 0x43, 0x77, 0x06, 0xDC, 0x83, 0x0F, 0xAC, 0xFE, 0x04, 0xE2, 0xD6, 0x85, 0xBC,
    0xA6, 0xC0, 0xF5, 0xE4, 0xA7, 0xEF, 0x88, 0xB8, 0x15, 0x02, 0x87, 0x52, 0x66, 0x0D, 0xD5, 0x7B,
    0x36, 0x2E, 0x88, 0xBC, 0x87, 0x22, 0x63, 0xB6, 0xE6, 0x80, 0x29, 0x7D, 0xEA, 0x92, 0x70, 0x93,
    0xC9, 0x12, 0x56, 0xA3, 0x3E, 0xF8, 0xA7, 0x0D, 0x34, 0x38, 0x8B, 0x36, 0xD6, 0x25, 0xBB, 0x83,
    0x2B, 0xD2, 0x7B, 0x4A, 0xB6, 0xB9, 0x49, 0xF4, 0x49, 0x57, 0x6C, 0x9C, 0x5F, 0x72, 0x30, 0x20,
    0xB5, 0x6C, 0x64, 0xC6, 0xC5, 0x3E, 0x48, 0x2D, 0x1A, 0x99, 0x90, 0x93, 0x1B, 0x47, 0x23, 0x63,
    0xC4, 0x0E, 0x93, 0x9C, 0x11, 0x0E, 0x28, 0x4C, 0x62, 0x32, 0xFC, 0x9F, 0x70, 0xD4, 0x42, 0x1C,
    0x95, 0x1F, 0xC5, 0x99, 0xA5, 0xCC, 0x50, 0xA6, 0x53, 0xF9, 0x24, 0x67, 0xBE, 0xAF, 0x6B, 0x82,
    0x2D, 0x2F, 0xFB, 0x28, 0xF3, 0x7A, 0x91, 0x3D, 0xE0, 0x8C, 0xD4, 0xA9, 0x92, 0x7D, 0xB2, 0x13,
    0xBF, 0xA6, 0x0C, 0xC2, 0x0D, 0x68, 0x0F, 0x7C, 0x9B, 0xA2, 0x27, 0x5F, 0x64, 0x96, 0xFC, 0x74,
    0x89, 0x00, 0xB9, 0x41, 0x01, 0xE0, 0xD4, 0xAE, 0xC6, 0x97, 0xE4, 0x5D, 0xF4, 0x32, 0xBA, 0x6F,
    0x77, 0xBC, 0x75, 0x24, 0x77, 0xAB, 0x5B, 0x5B, 0x41, 0x64, 0x55, 0x97, 0x11, 0xB8, 0xF5, 0x25,
    0xA6, 0x29, 0xD1, 0x79, 0x1A, 0x01, 0x74, 0x6C, 0x9C, 0x73, 0x05, 0x49, 0xFA, 0xEE, 0xDA, 0x52,
    0xE7, 0x24, 0x7E, 0x88, 0xD8, 0x3D, 0x68, 0x96, 0xD5, 0xFC, 0x03, 0xA9, 0xC5, 0x4D, 0xDA, 0x78,
    0x9C, 0x0B, 0x09, 0x05, 0x03, 0x57, 0x61, 0x06, 0x10, 0xF8, 0xFB, 0x1F, 0x0A, 0xE6, 0x31, 0x23,
    0xF3, 0xFE, 0x9F, 0x67, 0x46, 0xE6, 0xFD, 0xCF, 0x47, 0xE1, 0xFD, 0x67, 0x47, 0xE1, 0xF9, 0x83,
    0x79, 0xEF, 0xDE, 0xFD, 0x03, 0xF3, 0xDE, 0x83, 0x78, 0xF7, 0x81, 0x86, 0x39, 0xFE, 0x02, 0x2B,
    0x85, 0xF2, 0x18, 0x0C, 0x40, 0x3C, 0x5E, 0x18, 0x8F, 0xE1, 0x2B, 0x90, 0xA7, 0x0F, 0xE7, 0x5D,
    0x00, 0xF2, 0xE2, 0xE1, 0xBC, 0x06, 0x20, 0xAF, 0x1E, 0xCE, 0x4B, 0x00, 0xF2, 0xFA, 0x71, 0xF0,
    0x50, 0x55, 0x82, 0x4C, 0xF1, 0x47, 0xB1, 0x41, 0x1E, 0xC6, 0x73, 0x00, 0xD9, 0xCE, 0x83, 0xE2,
    0x32, 0x36, 0x64, 0x3F, 0xDC, 0x47, 0xF1, 0x91, 0x3D, 0x0A, 0x8F, 0x15, 0x99, 0xE7, 0x8F, 0x1C,
    0x12, 0xEB, 0x19, 0x11, 0xBC, 0xF7, 0xD5, 0x8C, 0xD0, 0x10, 0x34, 0x36, 0x36, 0x56, 0x66, 0x84,
    0x85, 0x2E, 0xC4, 0x2D, 0x83, 0x8E, 0x07, 0x00, 0x58, 0x6B, 0x1C, 0x43, 0x78, 0x9C, 0x6D, 0x92,
    0xBD, 0x4E, 0x42, 0x41, 0x10, 0x85, 0x0F, 0x08, 0x82, 0xBF, 0xA1, 0xB0, 0x97, 0x8E, 0x4E, 0x5E,
    0xC0, 0xC2, 0xC6, 0x5A, 0xDE, 0x00, 0xA2, 0x85, 0xD1, 0x46, 0xAD, 0x28, 0xE1, 0x01, 0x48, 0xD4,
    0x07, 0x30, 0x5A, 0xD3, 0x5C, 0x5B, 0x13, 0x13, 0xB5, 0xB1, 0xD5, 0xCE, 0xC6, 0x84, 0xD0, 0xD8,
    0x82, 0xE2, 0x05, 0x89, 0xCA, 0x3A, 0x33, 0xBB, 0xB3, 0xBB, 0x85, 0x93, 0xDC, 0xD9, 0xDD, 0x2F,
    0x3B, 0xBB, 0x73, 0xCE, 0x5E, 0x80, 0x63, 0xF7, 0xE6, 0xF5, 0xF6, 0x20, 0x8B, 0x10, 0x2F, 0x86,
    0xA3, 0x57, 0xF0, 0xE0, 0xCD, 0xB8, 0x50, 0xF4, 0xA0, 0xC0, 0x3C, 0xD9, 0xC2, 0xF2, 0xAF, 0x27,
    0x66, 0x43, 0x48, 0x3F, 0x00, 0x33, 0x90, 0x4D, 0x3F, 0x11, 0x31, 0x2B, 0x04, 0xDA, 0x72, 0x4D,
    0x05, 0xE5, 0x47, 0x9E, 0x5C, 0x12, 0xF9, 0xF0, 0x97, 0x8C, 0x79, 0x36, 0x07, 0x4C, 0x69, 0xA8,
    0xCB, 0x81, 0x5B, 0x4C, 0x16, 0x51, 0x8A, 0xFA, 0xE0, 0x4D, 0x55, 0x34, 0xF8, 0x14, 0xD7, 0xD8,
    0x3D, 0xCD, 0x5B, 0xB8, 0xA6, 0x7C, 0xE4, 0x48, 0x8D, 0x9B, 0xC4, 0x90, 0xF2, 0xBA, 0xCA, 0x99,
    0xD1, 0x02, 0xEF, 0x94, 0x96, 0x95, 0x7C, 0xF3, 0x65, 0x9F, 0x94, 0x16, 0x94, 0x4C, 0x68, 0x91,
    0x1F, 0x47, 0x92, 0x91, 0xF2, 0x82, 0x49, 0x5E, 0x09, 0x17, 0x14, 0x27, 0x31, 0x19, 0xFD, 0x4F,
    0xB8, 0x6A, 0x3E, 0xAE, 0x2A, 0xA4, 0xF1, 0xC9, 0x72, 0xCD, 0x48, 0xD4, 0xB9, 0xF8, 0xA2, 0x45,
    0x6E, 0xE8, 0x6C, 0x82, 0x9A, 0x97, 0x7D, 0x16, 0xBD, 0x68, 0x77, 0xBB, 0x87, 0xD6, 0x07, 0x9C,
    0x51, 0x3A, 0xB5, 0xDE, 0xE4, 0x8E, 0x29, 0x25, 0xD6, 0xA6, 0x8C, 0x08, 0xA8, 0xF6, 0xAD, 0x0F,
    0xFC, 0x36, 0x4B, 0x60, 0x57, 0x7A, 0x2C, 0x74, 0xD5, 0xAA, 0x4B, 0x80, 0xD2, 0xCC, 0x3E, 0x46,
    0x11, 0xE0, 0xA3, 0xCD, 0xA6, 0xED, 0x97, 0x1E, 0x2C, 0xE3, 0xFC, 0x36, 0x9D, 0xED, 0x54, 0xC6,
    0xBA, 0xB6, 0xE5, 0x43, 0xAC, 0xBA, 0x8A, 0xC0, 0x9D, 0xED, 0x74, 0x1A, 0x88, 0x73, 0xBC, 0x11,
    0x48, 0xE2, 0xE4, 0x9C, 0x07, 0xA4, 0x36, 0x9C, 0xC8, 0xFF, 0x71, 0x41, 0xDF, 0x8E, 0x8A, 0xC6,
    0x5E, 0x73, 0x7F, 0x8D, 0x5B, 0xE2, 0x7E, 0xA2, 0xA8, 0xC5, 0x6F, 0xE7, 0x1D, 0x4B, 0xF0, 0x07,
    0x14, 0x51, 0x70, 0xB0, 0x78, 0x9C, 0x75, 0xD1, 0xD1, 0x09, 0xC2, 0x30, 0x10, 0x06, 0xE0, 0x34,
    0x52, 0xB1, 0x08, 0x62, 0xC0, 0x01, 0xDC, 0xC0, 0x6E, 0xE0, 0x93, 0xCF, 0x82, 0xE8, 0xBB, 0x1B,
    0xA8, 0x13, 0x64, 0x04, 0xDD, 0xC0, 0x0D, 0xD4, 0x0D, 0x1C, 0x25, 0xB8, 0x40, 0x0B, 0xE2, 0x43,
    0x15, 0x35, 0xDE, 0x25, 0xE6, 0x8E, 0x13, 0xBC, 0x87, 0xD2, 0x8F, 0xF4, 0x92, 0xDC, 0xDF, 0xF9,
    0x22, 0xD4, 0x64, 0xA0, 0x42, 0xBD, 0xFC, 0xB7, 0x0E, 0xB9, 0xA0, 0x77, 0xB9, 0xA0, 0xDF, 0x4B,
    0xFA, 0xAE, 0xE4, 0x36, 0xB2, 0xAA, 0xDE, 0xD1, 0x1A, 0xE9, 0xA0, 0xA7, 0x6C, 0x90, 0x45, 0xA2,
    0xEA, 0xE3, 0x67, 0x3D, 0xA2, 0xBA, 0x02, 0xC7, 0xCC, 0x13, 0x70, 0xC5, 0x5C, 0x03, 0x2D, 0x73,
    0x19, 0x4E, 0xFA, 0xB7, 0xFA, 0xD3, 0x2B, 0x77, 0x1E, 0xD2, 0xB9, 0xB5, 0x31, 0x66, 0x76, 0xA7,
    0x5B, 0x71, 0x69, 0x41, 0x2B, 0x07, 0x2C, 0x04, 0xAD, 0x48, 0xE3, 0xAC, 0x05, 0x6D, 0x4A, 0xD2,
    0x98, 0x0D, 0x3C, 0xEB, 0x2C, 0x12, 0xAF, 0xF1, 0x04, 0x77, 0x98, 0x37, 0xE0, 0x88, 0x89, 0x03,
    0x1C, 0x99, 0x25, 0x6E, 0xD6, 0x22, 0xAA, 0x07, 0xC5, 0xEE, 0xD2, 0x7C, 0x53, 0xE6, 0xCE, 0x87,
    0x17, 0xCA, 0x19, 0x9B, 0xDB, 0x9C, 0x46, 0x23, 0x63, 0xBF, 0xC8, 0xE8, 0x30, 0x49, 0x9F, 0x11,
    0x15, 0xFE, 0xC5, 0xE2, 0x03, 0x78, 0x11, 0x50, 0xB7, 0x78, 0x9C, 0x63, 0x60, 0x00, 0x82, 0xA4,
    0x9D, 0x77, 0xCE, 0x56, 0xB1, 0x30, 0x40, 0xC1, 0xB1, 0xFF, 0x20, 0xF0, 0x5E, 0x12, 0xC2, 0xBB,
    0xF2, 0x1F, 0x0A, 0x38, 0x40, 0xBC, 0x06, 0x18, 0xEF, 0xFF, 0x79, 0x10, 0xF7, 0x07, 0x9C, 0xFB,
    0x9F, 0x87, 0x81, 0x21, 0x00, 0xC1, 0xFB, 0x3F, 0x9F, 0x81, 0xE1, 0x01, 0x88, 0xBE, 0x3F, 0x6B,
    0x27, 0x98, 0xCF, 0xC4, 0xF0, 0x0D, 0x48, 0xAE, 0x67, 0x62, 0x60, 0x28, 0x00, 0x71, 0x39, 0x19,
    0x7E, 0x83, 0x49, 0x20, 0xF8, 0x0C, 0x64, 0xF0, 0x31, 0xFC, 0x03, 0x92, 0x8C, 0x30, 0x1B, 0xE4,
    0x19, 0x40, 0x3A, 0xC1, 0xD6, 0x1B, 0x00, 0x59, 0xF6, 0x20, 0xEE, 0x7B, 0x88, 0x73, 0x04, 0x05,
    0x05, 0x19, 0x41, 0xDC, 0xFF, 0x6C, 0x0C, 0x70, 0xF0, 0x07, 0xC8, 0xAD, 0x47, 0x70, 0xBF, 0x83,
    0xA4, 0xEB, 0x98, 0x60, 0xDC, 0x87, 0x10, 0xEF, 0x64, 0x41, 0x05, 0x60, 0x8E, 0x7C, 0x1F, 0x05,
    0xE1, 0x7F, 0x83, 0xB9, 0xB8, 0x0F, 0xCC, 0x75, 0xF8, 0x07, 0xE3, 0xC7, 0x81, 0xF9, 0x05, 0x70,
    0x3E, 0x27, 0x44, 0xFB, 0x2F, 0x28, 0xB7, 0x1F, 0x6A, 0x7C, 0xF1, 0x6F, 0x08, 0x1F, 0x1E, 0x7C,
    0xCD, 0x7F, 0x41, 0x5C, 0x5E, 0xB8, 0x73, 0x1C, 0xFE, 0x82, 0xBD, 0x00, 0x07, 0x07, 0x40, 0x9A,
    0x13, 0xD2, 0xD2, 0xD2, 0x98, 0xE1, 0x1E, 0x5C, 0xFF, 0x01, 0x6E, 0x3E, 0xC8, 0x6F, 0xFB, 0x2F,
    0xC0, 0x0D, 0x50, 0x00, 0xC9, 0x2E, 0x80, 0xFB, 0x6F, 0x02, 0x28, 0x64, 0x03, 0xE0, 0xDE, 0x07,
    0xF9, 0x34, 0x1E, 0x1C, 0x1A, 0xE7, 0xD5, 0x18, 0x14, 0xC0, 0xF1, 0xC6, 0x0F, 0xF1, 0x3E, 0x22,
    0xD2, 0x0E, 0x20, 0xF1, 0xDE, 0x33, 0x32, 0x08, 0xFC, 0x45, 0x70, 0xED, 0x80, 0x46, 0x1C, 0x84,
    0xF3, 0xEE, 0x83, 0x03, 0xE8, 0x19, 0x42, 0x27, 0x18, 0x6C, 0x05, 0x73, 0xCE, 0x8B, 0xC1, 0x5C,
    0xAF, 0x90, 0xD2, 0x5E, 0x6E, 0x0A, 0x66, 0x01, 0x00, 0x2C, 0xED, 0x2D, 0x33, 0x78, 0x9C, 0x0B,
    0x0C, 0x45, 0x01, 0xCC, 0x9F, 0xFF, 0xA3, 0x00, 0x2E, 0x2A, 0xF3, 0x39, 0x19, 0x40, 0x40, 0x00,
    0xC8, 0xEA, 0x67, 0x40, 0x80, 0x51, 0xFE, 0xB0, 0xE1, 0x03, 0x00, 0x66, 0x61, 0xCA, 0xDC, 0x78,
    0x9C, 0x0B, 0x09, 0x0D, 0x75, 0x65, 0x80, 0x80, 0xA0, 0xD0, 0xD0, 0x50, 0xC6, 0xBF, 0xFF, 0xFF,
    0xDF, 0x87, 0xF2, 0xBF, 0xFD, 0xFF, 0xFF, 0x9F, 0x75, 0x94, 0x4F, 0x73, 0xFE, 0x7F, 0x28, 0xFF,
    0x3B, 0x90, 0xC9, 0xF2, 0x07, 0x48, 0x30, 0x42, 0xF8, 0xBF, 0x80, 0x4C, 0x66, 0x10, 0xC1, 0x0E,
    0xE1, 0x03, 0x59, 0xFF, 0x99, 0x40, 0x8A, 0x78, 0xC1, 0xDC, 0x02, 0x20, 0xEB, 0x3D, 0xC3, 0x67,
    0x20, 0xB9, 0x1E, 0xCC, 0xFF, 0x02, 0x66, 0x5D, 0x00, 0xA9, 0xD2, 0x81, 0x4A, 0xFF, 0xF7, 0x67,
    0x08, 0x00, 0x51, 0xFF, 0xAB, 0x5D, 0xDB, 0xFE, 0x81, 0x68, 0x1E, 0x06, 0x86, 0x3F, 0xFF, 0x91,
    0x00, 0x33, 0x03, 0xC3, 0x43, 0x24, 0x6E, 0x3D, 0x50, 0x9F, 0xC2, 0x3F, 0x04, 0x9F, 0x03, 0x64,
    0xEE, 0x41, 0x38, 0x37, 0x1E, 0xE2, 0x8E, 0x67, 0x50, 0xEE, 0x7A, 0xA8, 0x3B, 0x19, 0xB6, 0x82,
    0xB9, 0xBD, 0x4C, 0x0C, 0x30, 0xA0, 0x90, 0xDA, 0x9E, 0x2E, 0x02, 0x61, 0x02, 0x00, 0x04, 0xD6,
    0x34, 0x1B, 0x78, 0x9C, 0x4D, 0x52, 0xED, 0x35, 0x43, 0x41, 0x10, 0xBD, 0xC4, 0x23, 0x82, 0xD0,
    0x41, 0x74, 0x40, 0x07, 0x74, 0xC0, 0x71, 0xBC, 0xDF, 0xD1, 0x81, 0x74, 0x40, 0x07, 0x74, 0x40,
    0x07, 0xD1, 0x81, 0x74, 0x40, 0x07, 0xD2, 0x41, 0x22, 0xE2, 0x23, 0xBE, 0xD6, 0x9D, 0xBD, 0xB3,
    0xE6, 0xCD, 0x39, 0x6F, 0xE7, 0xEE, 0xDD, 0xDD, 0xB9, 0x73, 0xEE, 0xBC, 0xD3, 0xBA, 0xAE, 0x57,
    0xE0, 0x71, 0xC2, 0x4D, 0xF5, 0x91, 0x52, 0xDA, 0x2E, 0xCC, 0x82, 0x9B, 0xEE, 0x8C, 0x4B, 0xBF,
    0x30, 0xBF, 0xDC, 0xB4, 0x1F, 0xB9, 0x0C, 0x9D, 0x38, 0x24, 0x4E, 0xAD, 0x81, 0xAD, 0xCE, 0x5C,
    0x13, 0x3E, 0x61, 0xD7, 0x18, 0x2F, 0x3D, 0x26, 0xBC, 0x02, 0xBE, 0x99, 0xD6, 0xC5, 0xBC, 0x10,
    0xEE, 0x01, 0xEF, 0x56, 0x5F, 0x8C, 0xE9, 0x6E, 0x01, 0xCF, 0x4C, 0x07, 0x62, 0x7E, 0x08, 0xD7,
    0x80, 0x91, 0x1E, 0x33, 0x72, 0xC9, 0x65, 0xE0, 0x2C, 0x0B, 0x58, 0x98, 0xEC, 0x03, 0xF3, 0x8E,
    0x9F, 0xE8, 0xF6, 0x85, 0x81, 0x2F, 0x6B, 0xD4, 0x80, 0x55, 0xEC, 0x19, 0x78, 0x95, 0x82, 0x54,
    0x37, 0x0D, 0x4C, 0xD5, 0x85, 0x3A, 0x5B, 0x35, 0x70, 0xEB, 0xCF, 0x73, 0xC1, 0x25, 0x63, 0x8E,
    0x5D, 0xC2, 0x44, 0xEF, 0xD5, 0x98, 0x9F, 0xDD, 0x31, 0x9D, 0x8B, 0xF9, 0xD4, 0xFB, 0x69, 0x78,
    0x37, 0x27, 0xDC, 0x90, 0x66, 0x27, 0x4C, 0xE8, 0xE9, 0x6A, 0x15, 0x46, 0xF5, 0x55, 0xAE, 0x61,
    0xE6, 0xD0, 0xD7, 0x86, 0xE1, 0xB9, 0xAD, 0xA3, 0xE6, 0x50, 0xAA, 0x71, 0x38, 0x27, 0x37, 0x3B,
    0xF3, 0x70, 0x57, 0x62, 0xDD, 0x45, 0x4C, 0x00, 0xB8, 0xB4, 0x12, 0x2C, 0x36, 0x29, 0x04, 0xF6,
    0xC9, 0x4C, 0xF8, 0xDD, 0xFC, 0x33, 0xD9, 0xF2, 0x18, 0x40, 0xF1, 0xAA, 0x29, 0x05, 0xCC, 0xC4,
    0xB4, 0x83, 0x19, 0x89, 0x69, 0x05, 0x93, 0x7F, 0x07, 0x9F, 0x91, 0x22, 0x1B, 0xEA, 0x73, 0xF4,
    0x30, 0xD3, 0x65, 0x7F, 0x89, 0xB7, 0x54, 0x46, 0x04, 0xFC, 0x01, 0xFA, 0xAB, 0x18, 0x03, 0x78,
    0x9C, 0x55, 0x92, 0xC1, 0x55, 0x02, 0x41, 0x0C, 0x86, 0x83, 0x82, 0xB2, 0x88, 0x40, 0x07, 0x70,
    0xF1, 0x8C, 0x17, 0xCF, 0xD0, 0x01, 0xBC, 0xA7, 0x7B, 0x96, 0x0E, 0xB4, 0x03, 0xE8, 0x00, 0x3B,
    0x58, 0x3A, 0x90, 0x0E, 0xB0, 0x03, 0xED, 0x00, 0x3A, 0x10, 0x5C, 0x05, 0x54, 0x20, 0x26, 0xF9,
    0x37, 0xB3, 0xB8, 0x87, 0xD9, 0x3F, 0x93, 0x4C, 0xF2, 0xCD, 0x24, 0xFD, 0x38, 0x8E, 0xAF, 0xC8,
    0xBE, 0xBB, 0x38, 0xBE, 0x81, 0xBA, 0x95, 0xCD, 0xE2, 0x1B, 0x33, 0x8F, 0x61, 0x1F, 0x98, 0x67,
    0x50, 0x3B, 0xD9, 0x8C, 0x46, 0xB2, 0xBC, 0x9A, 0x79, 0x2D, 0x8A, 0xE1, 0x51, 0x55, 0xCA, 0xED,
    0x47, 0x55, 0xA7, 0x47, 0x31, 0xBA, 0x16, 0xD5, 0x9E, 0xAA, 0x2A, 0x7B, 0x8C, 0xE4, 0xF9, 0x91,
    0xDF, 0xB9, 0xDA, 0x4B, 0xF5, 0x54, 0x3D, 0x66, 0x48, 0xB4, 0x96, 0xDF, 0x85, 0xDA, 0xA9, 0x7A,
    0xEA, 0xAA, 0x16, 0x22, 0xDA, 0x44, 0x2B, 0xB7, 0xB7, 0xEA, 0xE9, 0xA9, 0xFA, 0x10, 0x51, 0x23,
    0x52, 0xEC, 0x8E, 0xA3, 0xE2, 0x02, 0x9A, 0x26, 0x22, 0x1A, 0x21, 0x29, 0x50, 0x70, 0x01, 0x2D,
    0x5D, 0x02, 0xA2, 0x5E, 0xB0, 0x6B, 0x1E, 0x2E, 0xE0, 0xCA, 0x9C, 0xC5, 0xBE, 0x13, 0xCE, 0x22,
    0xB6, 0x95, 0xC5, 0xDA, 0xD9, 0x13, 0xD4, 0x43, 0xFE, 0xBE, 0xE7, 0xD7, 0x7A, 0x67, 0xC6, 0x38,
    0x93, 0x34, 0x97, 0x44, 0x4F, 0x80, 0x06, 0x76, 0x85, 0xE8, 0x8B, 0xF9, 0xE1, 0x9B, 0xB9, 0x89,
    0xD3, 0x35, 0xF5, 0xBC, 0x40, 0xE8, 0xEE, 0xA7, 0x78, 0x11, 0x1A, 0x51, 0x56, 0x5A, 0x22, 0xF7,
    0xF2, 0x34, 0xF2, 0x40, 0xCF, 0x76, 0x5A, 0x41, 0x80, 0x7D, 0x6F, 0x40, 0xE5, 0xA9, 0x61, 0x6E,
    0x43, 0x37, 0xA4, 0x6E, 0x42, 0x03, 0x6D, 0xC1, 0xC0, 0x30, 0x77, 0xA1, 0x83, 0x82, 0x3D, 0xA7,
    0x89, 0x86, 0xB7, 0x0C, 0xD3, 0xA1, 0x81, 0x5D, 0x58, 0x58, 0x09, 0x29, 0x56, 0xE9, 0x3A, 0x34,
    0x58, 0x8A, 0xA9, 0x16, 0xD3, 0x12, 0xB5, 0x91, 0x43, 0x03, 0xBB, 0xBC, 0x31, 0x40, 0xC1, 0xEE,
    0x4C, 0x1D, 0x1A, 0xD8, 0xD5, 0x5F, 0xEB, 0xA7, 0x60, 0x0F, 0x97, 0x0E, 0x0D, 0xEC, 0x26, 0x7A,
    0x2E, 0xF1, 0xB3, 0x34, 0x40, 0x1B, 0xF6, 0x18, 0xCF, 0xAA, 0xD8, 0x9B, 0x00, 0x8D, 0xD7, 0x46,
    0x2B, 0x1A, 0x78, 0xF0, 0xA1, 0x7B, 0xD6, 0x66, 0x26, 0x2A, 0xF7, 0x26, 0xDB, 0xEE, 0x59, 0x71,
    0x18, 0x0E, 0x1B, 0x13, 0x87, 0x06, 0x76, 0x36, 0x40, 0xA9, 0xB7, 0x2F, 0xC7, 0xCE, 0x86, 0x6E,
    0xC1, 0x61, 0x66, 0xC3, 0x1C, 0x63, 0x50, 0x27, 0x9C, 0xCF, 0x7D, 0x86, 0x6D, 0xD0, 0x98, 0x81,
    0x1C, 0x1A, 0xD8, 0x73, 0x53, 0x8D, 0x7F, 0xD0, 0xE8, 0x62, 0x02, 0xB9, 0x3B, 0x86, 0x06, 0x76,
    0x0F, 0x72, 0x73, 0x0C, 0x0D, 0xEC, 0x3A, 0x64, 0x1A, 0xA0, 0xFF, 0x00, 0x6D, 0x32, 0xCE, 0xBF,
    0x78, 0x9C, 0x4D, 0x92, 0xCD, 0x51, 0x02, 0x41, 0x10, 0x85, 0x1B, 0xA9, 0x55, 0x91, 0xC2, 0x22,
    0x82, 0xD5, 0x8B, 0x67, 0xC9, 0x00, 0x32, 0x50, 0xAB, 0xDC, 0xB3, 0x66, 0xA0, 0x45, 0x02, 0x92,
    0x01, 0x66, 0x00, 0x19, 0xC8, 0x89, 0x2B, 0x66, 0x80, 0x19, 0x28, 0x11, 0x50, 0x22, 0xFE, 0xA0,
    0xB5, 0x8C, 0xAF, 0x5F, 0xF7, 0xEC, 0x30, 0x87, 0xE9, 0x37, 0xDF, 0xCE, 0xCF, 0x9B, 0xB7, 0x73,
    0x55, 0x14, 0xC5, 0x99, 0x58, 0xBB, 0x86, 0xCE, 0x9E, 0x43, 0x08, 0xAF, 0x36, 0x3E, 0x85, 0x0C,
    0x87, 0x1D, 0xED, 0x0F, 0x08, 0x26, 0xF6, 0x6D, 0x83, 0x72, 0x42, 0xF0, 0x09, 0x75, 0x21, 0xB2,
    0x40, 0x79, 0x22, 0xD8, 0x42, 0x1D, 0x89, 0x5C, 0xEA, 0x9A, 0x3A, 0xC6, 0x03, 0x15, 0x35, 0x88,
    0x3F, 0xD4, 0x16, 0xEA, 0x0A, 0xF5, 0x41, 0x5C, 0xDC, 0xED, 0x7C, 0xE0, 0xD4, 0x65, 0x2D, 0x2D,
    0x15, 0x29, 0xA1, 0x1A, 0xF2, 0x86, 0x7E, 0x64, 0x86, 0xD6, 0x90, 0x5D, 0xF9, 0x41, 0x9F, 0x1B,
    0x18, 0x43, 0xCE, 0x69, 0x73, 0xDF, 0x40, 0x5B, 0xF5, 0x54, 0xA9, 0xDF, 0x49, 0xBE, 0x83, 0xB5,
    0x6E, 0x04, 0x2F, 0x0E, 0x1A, 0x11, 0x74, 0x6C, 0xBC, 0x94, 0xAA, 0x6D, 0x08, 0x6E, 0x12, 0x58,
    0x10, 0x34, 0x13, 0xB8, 0x25, 0xD8, 0x4B, 0xE0, 0x91, 0x20, 0x4B, 0xE0, 0x83, 0x20, 0x4F, 0xA0,
    0x24, 0x18, 0x55, 0xE3, 0x7B, 0xF7, 0x51, 0x8F, 0x60, 0xE5, 0xA0, 0x15, 0x81, 0x46, 0x53, 0xC6,
    0xBC, 0xC4, 0x53, 0xED, 0xEF, 0x1C, 0xAC, 0xB6, 0x86, 0xDC, 0xB8, 0x99, 0x8C, 0x1F, 0x33, 0x26,
    0x33, 0xDF, 0x33, 0x53, 0x63, 0x8B, 0xD6, 0x2F, 0x3F, 0xF7, 0x98, 0x18, 0x80, 0x86, 0x79, 0xEE,
    0x31, 0x69, 0x44, 0xF6, 0xCF, 0x7D, 0xA6, 0xBE, 0x83, 0x49, 0x8C, 0xA6, 0xE7, 0xEF, 0xE0, 0xAB,
    0xDA, 0xFD, 0x97, 0x6B, 0xDB, 0xDB, 0xEA, 0xFC, 0x77, 0xA8, 0x19, 0x4F, 0x73, 0x87, 0xBC, 0x63,
    0xB6, 0xA6, 0xCD, 0x94, 0x42, 0xFE, 0x0F, 0x38, 0x6B, 0x24, 0x22, 0x78, 0x9C, 0xDD, 0x90, 0xDD,
    0x11, 0xC1, 0x40, 0x14, 0x85, 0x6F, 0x8C, 0x64, 0x86, 0x21, 0xA3, 0x03, 0x3A, 0xA0, 0x03, 0xAF,
    0xDE, 0x78, 0xB0, 0xCF, 0x94, 0xA0, 0x03, 0x25, 0x50, 0x82, 0x0E, 0xA4, 0x83, 0xE8, 0x80, 0x0E,
    0x42, 0x05, 0x86, 0xF8, 0x1F, 0xAC, 0x73, 0xEF, 0x6E, 0x36, 0xA1, 0x04, 0x77, 0x26, 0x7B, 0xCE,
    0x7E, 0xD9, 0xB9, 0x67, 0xEF, 0x0E, 0x95, 0x52, 0x65, 0x32, 0xD5, 0x82, 0x57, 0x74, 0xD5, 0x5A,
    0x37, 0x2D, 0xD9, 0xC0, 0xC7, 0xB4, 0xC5, 0xBA, 0xB4, 0xE4, 0x02, 0xDF, 0xA6, 0x01, 0x56, 0x5D,
    0x32, 0xE4, 0x0D, 0x5B, 0x21, 0x7A, 0x42, 0xAA, 0x02, 0x26, 0x70, 0x7B, 0x8F, 0x28, 0x85, 0x76,
    0x85, 0xEC, 0xE0, 0xA6, 0xD0, 0x85, 0xB4, 0xE3, 0xBA, 0xC1, 0xD5, 0x39, 0x92, 0x1B, 0x71, 0x7E,
    0x83, 0x8D, 0x9F, 0xFD, 0xAA, 0x41, 0xE7, 0xEE, 0x30, 0xE7, 0x8F, 0xA0, 0x47, 0xD7, 0x70, 0x0C,
    0x97, 0x40, 0x1F, 0x26, 0x9B, 0xEB, 0x05, 0x1B, 0x98, 0x7E, 0x9E, 0x21, 0x27, 0xD8, 0x90, 0x22,
    0x9B, 0xCD, 0x65, 0x7C, 0x2A, 0xDC, 0x8E, 0xCC, 0x77, 0x95, 0xBB, 0xFB, 0x96, 0xD0, 0x1D, 0x9B,
    0x1E, 0xBE, 0x75, 0x06, 0xE8, 0xC0, 0x87, 0x5C, 0x76, 0x36, 0xA2, 0x76, 0x03, 0xBB, 0xFC, 0xFC,
    0x51, 0xB8, 0xCE, 0x02, 0x66, 0x39, 0xA0, 0x95, 0x90, 0xB0, 0x40, 0x3A, 0x42, 0x82, 0x02, 0x91,
    0x99, 0x92, 0x22, 0x90, 0xFC, 0xFE, 0x17, 0x89, 0x7E, 0xDA, 0xFC, 0x23, 0xF9, 0x00, 0x26, 0x0C,
    0xE0, 0xEF, 0x78, 0x9C, 0x0B, 0x0C, 0x45, 0x06, 0xCC, 0x5F, 0xFE, 0x23, 0x03, 0x4E, 0x0A, 0xB8,
    0xAC, 0x28, 0xDC, 0xF5, 0x0C, 0x70, 0xF0, 0x1D, 0xC8, 0xE5, 0x83, 0xF3, 0x0C, 0x40, 0xB2, 0xCC,
    0x70, 0xEE, 0x05, 0x20, 0xAF, 0x1F, 0xA1, 0xF6, 0x27, 0x90, 0xCB, 0x03, 0xE7, 0x39, 0x80, 0xD4,
    0x32, 0xC1, 0xB9, 0x0F, 0x81, 0xBC, 0x78, 0x84, 0xDA, 0xDF, 0x40, 0x2E, 0x17, 0x9C, 0x57, 0x00,
    0xE4, 0xBD, 0x47, 0x48, 0x7E, 0x06, 0x72, 0xED, 0x11, 0xDC, 0xBF, 0x40, 0x2E, 0x07, 0x9C, 0x37,
    0x01, 0xC8, 0x3B, 0x8F, 0x90, 0x04, 0x39, 0x5C, 0x1F, 0xCE, 0x13, 0xF8, 0x07, 0xF2, 0x0C, 0x9C,
    0xBB, 0x01, 0xD3, 0x33, 0x72, 0x70, 0x9E, 0x02, 0x8D, 0x3C, 0x93, 0x00, 0xF2, 0x0C, 0x23, 0x9C,
    0xFB, 0x09, 0xD3, 0x33, 0x31, 0xF0, 0x18, 0x9C, 0x80, 0x1A, 0x29, 0x9F, 0x50, 0xB9, 0x9F, 0x29,
    0xE0, 0x02, 0x00, 0x4F, 0x9F, 0x12, 0x37, 0x78, 0x9C, 0x63, 0x60, 0x80, 0x80, 0xDF, 0xFF, 0xC1,
    0x80, 0x85, 0x08, 0xFA, 0xFE, 0xCC, 0x99, 0x33, 0x99, 0x80, 0xF4, 0x7C, 0xA8, 0xBE, 0x91, 0x4E,
    0xBF, 0x3F, 0x73, 0xE6, 0x0C, 0x33, 0xA1, 0x70, 0x7B, 0xF5, 0x0E, 0x0C, 0x58, 0x00, 0x0C, 0x9D,
    0xC7, 0xD0, 0x78, 0x9C, 0x75, 0xD0, 0xDB, 0x0D, 0x01, 0x41, 0x18, 0x86, 0x61, 0x2B, 0xD6, 0xF9,
    0xB0, 0x2A, 0xA0, 0x03, 0x3A, 0xA0, 0x03, 0x3A, 0xA0, 0x04, 0x37, 0xB2, 0x97, 0x74, 0x40, 0x07,
    0x74, 0x40, 0x07, 0x74, 0xA0, 0x04, 0x3A, 0x70, 0x3E, 0xC5, 0xE1, 0x35, 0xD9, 0x2F, 0x19, 0x36,
    0x98, 0xAB, 0x27, 0x7F, 0x66, 0x92, 0x77, 0x7E, 0xAF, 0x58, 0x74, 0x22, 0xC1, 0xD9, 0x43, 0x43,
    0xDA, 0xC0, 0x40, 0x1A, 0xC3, 0x52, 0x6A, 0x03, 0xBA, 0x58, 0x36, 0x72, 0x35, 0x7C, 0x42, 0x5A,
    0xBA, 0x42, 0x5E, 0x3A, 0x42, 0x45, 0xDA, 0x42, 0x4F, 0x9A, 0xC3, 0x4C, 0xEA, 0x9B, 0xC7, 0x52,
    0xDD, 0x28, 0x26, 0x1A, 0x25, 0xA5, 0x1B, 0x64, 0xA5, 0x33, 0x94, 0x6C, 0x57, 0x4B, 0x5A, 0xC1,
    0xE8, 0x57, 0x57, 0x34, 0x90, 0x67, 0x14, 0xD7, 0xF0, 0xF1, 0xA3, 0xEB, 0x00, 0x35, 0xFB, 0xBD,
    0x77, 0xD7, 0x42, 0xEA, 0xD8, 0xAE, 0xEA, 0x9F, 0xAE, 0x9C, 0x74, 0xB2, 0x5D, 0xBB, 0xCF, 0xAE,
    0x89, 0x34, 0x84, 0xB5, 0xD4, 0x0C, 0x75, 0x25, 0x34, 0xBC, 0x43, 0x46, 0xBA, 0x40, 0xC1, 0x76,
    0x7D, 0xAD, 0x7D, 0x1A, 0xEA, 0x72, 0x6C, 0xD7, 0x7B, 0xED, 0x29, 0xA9, 0xEB, 0xFB, 0xEE, 0x0B,
    0x1D, 0x5D, 0x8D, 0x9D, 0x78, 0x9C, 0x63, 0x60, 0x80, 0x80, 0xBF, 0xFF, 0xC1, 0x80, 0x89, 0x10,
    0x3D, 0x63, 0xE6, 0xCC, 0x5F, 0x20, 0x1A, 0xA8, 0xE5, 0xD3, 0x28, 0xFD, 0x9F, 0xE9, 0xD4, 0x99,
    0x33, 0x7F, 0x88, 0x09, 0xB7, 0x37, 0xEF, 0xC0, 0x80, 0x09, 0x00, 0xC0, 0xA3, 0xD3, 0x75, 0x78,
    0x9C, 0x25, 0xCE, 0xC1, 0x0D, 0x81, 0x71, 0x0C, 0xC6, 0xE1, 0x17, 0x09, 0x41, 0xC8, 0xD7, 0x09,
    0x8C, 0xC0, 0xD5, 0x89, 0x0D, 0xAC, 0x60, 0x04, 0x1B, 0x18, 0x81, 0xA3, 0xEF, 0xC4, 0x08, 0x36,
    0x60, 0x04, 0x23, 0x58, 0x01, 0x71, 0xC0, 0x97, 0xFC, 0xB4, 0xFF, 0xF6, 0xF4, 0x34, 0xED, 0x9B,
    0x56, 0x92, 0x0E, 0x75, 0xDD, 0x51, 0xA9, 0x35, 0x30, 0x4C, 0xDE, 0x9C, 0x8B, 0xE4, 0xDB, 0x79,
    0x49, 0x36, 0x4E, 0xDA, 0xA1, 0x65, 0x88, 0x41, 0xF0, 0x0A, 0x73, 0x98, 0x06, 0x5F, 0x3E, 0x6D,
    0x38, 0x06, 0x7F, 0x9E, 0xF1, 0x64, 0x4B, 0x9A, 0xC1, 0x4A, 0x77, 0xE8, 0x4B, 0x27, 0x18, 0x69,
    0x03, 0x13, 0xE9, 0x09, 0x5D, 0x55, 0xB0, 0x93, 0xBE, 0xE0, 0x81, 0x8F, 0x2F, 0x67, 0x1F, 0xB3,
    0xDE, 0xBE, 0x6C, 0xE9, 0x0C, 0xE3, 0x47, 0x1E, 0xF2, 0x93, 0xDB, 0xCA, 0xAC, 0x3C, 0x62, 0x66,
    0x7F, 0x63, 0x3F, 0x4F, 0xC7, 0x78, 0x9C, 0xFB, 0xF0, 0x1F, 0x01, 0x78, 0x3F, 0x90, 0xC1, 0xD9,
    0xB0, 0x1B, 0x01, 0x38, 0x01, 0x18, 0x31, 0x44, 0x7D, 0x78, 0x9C, 0x7B, 0xF9, 0xEE, 0x9D, 0x1D,
    0x03, 0xC3, 0xC3, 0xFF, 0xFF, 0xD7, 0x33, 0x30, 0x04, 0xFC, 0xFF, 0xFF, 0x9F, 0x89, 0x81, 0xE1,
    0xF7, 0xFF, 0xFF, 0x9C, 0x60, 0x21, 0x79, 0xB0, 0x50, 0x3F, 0x03, 0x03, 0xC3, 0xAF, 0xFF, 0xFF,
    0x19, 0xC1, 0x42, 0xEC, 0x0C, 0x0C, 0x0A, 0xC6, 0xC6, 0x4C, 0x00, 0x08, 0xD1, 0x19, 0x25, 0x78,
    0x9C, 0x63, 0x60, 0x60, 0x60, 0x10, 0x28, 0x9D, 0xD1, 0xA9, 0xCA, 0x00, 0x01, 0x05, 0x7F, 0xFF,
    0x03, 0x41, 0x1F, 0x23, 0x88, 0x1D, 0xF0, 0xEF, 0x3F, 0x18, 0xD4, 0x83, 0x38, 0xDF, 0xFF, 0x43,
    0x01, 0x17, 0x50, 0x11, 0x8C, 0xFD, 0xBF, 0x9F, 0x81, 0xE1, 0x13, 0x88, 0x7E, 0x0F, 0xE6, 0x31,
    0x33, 0xFC, 0x02, 0x92, 0xD6, 0x0C, 0x0E, 0x7F, 0x80, 0x14, 0x27, 0x03, 0x90, 0x98, 0x0F, 0xD4,
    0xF9, 0x00, 0x48, 0xF3, 0x09, 0xCC, 0x38, 0xFD, 0x97, 0x0F, 0xC8, 0x69, 0x00, 0x72, 0xF8, 0x19,
    0x60, 0x96, 0x01, 0x39, 0xFA, 0x30, 0xCE, 0x01, 0x38, 0x47, 0xC0, 0x69, 0xF9, 0x3F, 0x28, 0x27,
    0xE9, 0x16, 0xD4, 0x22, 0x20, 0xE7, 0x08, 0xDC, 0x56, 0x7D, 0x86, 0x05, 0xFF, 0x91, 0x38, 0xBF,
    0x20, 0x8C, 0xB5, 0x20, 0x4E, 0x00, 0x88, 0x75, 0x3E, 0x53, 0x04, 0x44, 0xEB, 0x83, 0x8C, 0xEC,
    0x07, 0x7A, 0x05, 0xCC, 0xF9, 0x08, 0x24, 0xD8, 0x81, 0x46, 0x26, 0x80, 0x38, 0x20, 0x47, 0x33,
    0x40, 0x9D, 0xA3, 0xFF, 0x19, 0xCA, 0x79, 0x00, 0xE3, 0xB0, 0x00, 0x39, 0x20, 0x43, 0xF5, 0x3F,
    0x00, 0x89, 0x38, 0x06, 0x86, 0xC3, 0x60, 0x7B, 0x36, 0x80, 0xC8, 0x73, 0x6F, 0x20, 0x96, 0x3A,
    0x40, 0x6D, 0x5F, 0x0F, 0x76, 0xC1, 0x0F, 0x08, 0x47, 0x16, 0xCC, 0x69, 0x00, 0xB3, 0xCF, 0x33,
    0x42, 0x5C, 0xBD, 0x19, 0x14, 0x3A, 0xEC, 0x0C, 0x50, 0xFF, 0x38, 0x94, 0xA5, 0x33, 0x43, 0xBC,
    0x0B, 0x00, 0xC4, 0x0C, 0xE4, 0x75, 0x78, 0x9C, 0xBD, 0xD1, 0x4D, 0x0E, 0xC1, 0x50, 0x10, 0x07,
    0xF0, 0xB6, 0xA4, 0x45, 0x2D, 0x7A, 0x01, 0xD1, 0x13, 0xE0, 0x12, 0xEC, 0x25, 0xAC, 0xAD, 0x24,
    0x96, 0xB6, 0x4E, 0x81, 0x9D, 0xC4, 0xC2, 0x11, 0xEA, 0x06, 0x75, 0x03, 0x96, 0x76, 0x3D, 0xC2,
    0x43, 0x48, 0x7C, 0xD5, 0x98, 0xFF, 0x4C, 0x35, 0xE9, 0x05, 0xCC, 0xA2, 0xF3, 0x7E, 0x79, 0xEF,
    0x4D, 0x67, 0xDA, 0xC1, 0x70, 0xD8, 0xB5, 0xF2, 0x48, 0x89, 0xE2, 0xFF, 0xAB, 0xBF, 0x9A, 0x95,
    0x72, 0x2D, 0x89, 0xC8, 0x78, 0x99, 0x42, 0x7E, 0x10, 0x25, 0x8E, 0xEA, 0x40, 0x12, 0x2D, 0xD5,
    0x43, 0x65, 0x6C, 0xC8, 0x50, 0x16, 0x55, 0x4B, 0xAE, 0xC4, 0x93, 0x23, 0x52, 0x5B, 0x64, 0xB8,
    0xFA, 0x9D, 0xF3, 0x46, 0xD4, 0xE6, 0xDA, 0x0B, 0x6C, 0x8A, 0xAA, 0x78, 0xF1, 0x87, 0x17, 0x25,
    0xC8, 0x81, 0x70, 0xD4, 0x43, 0x4D, 0x69, 0xF1, 0x8A, 0x43, 0x79, 0xD7, 0x67, 0x56, 0x2D, 0x45,
    0x29, 0xC4, 0x89, 0xE5, 0x17, 0x54, 0x67, 0x45, 0x85, 0x3D, 0xBD, 0x77, 0xC9, 0xEE, 0x91, 0xE8,
    0xC6, 0x8B, 0x0A, 0x24, 0x63, 0x3F, 0x79, 0xE1, 0x42, 0x3E, 0x23, 0x44, 0x67, 0x0E, 0x34, 0x62,
    0x6D, 0xD1, 0xBD, 0x4E, 0xE4, 0x5A, 0xC1, 0x8B, 0xD3, 0x5C, 0x65, 0xD6, 0x00, 0x35, 0xA1, 0xE4,
    0x37, 0x7B, 0x05, 0x8A, 0xEE, 0x8A, 0xBD, 0x7C, 0xA5, 0x68, 0xA7, 0x6A, 0xA8, 0x82, 0xB7, 0x7C,
    0x1C, 0x5B, 0x65, 0x4D, 0x79, 0xF0, 0xB8, 0x9C, 0xFF, 0x8D, 0xCE, 0xB8, 0x67, 0x23, 0x7F, 0x01,
    0x2F, 0xE6, 0x1D, 0xF1, 0x78, 0x9C, 0x63, 0x60, 0x00, 0x82, 0xA0, 0x19, 0x33, 0xC3, 0x19, 0x19,
    0x20, 0x40, 0xE0, 0xFA, 0x7F, 0x20, 0x38, 0xCF, 0x0A, 0xE1, 0x7D, 0xFB, 0x0F, 0x06, 0xE7, 0x99,
    0x40, 0x9C, 0x09, 0xFF, 0xA1, 0xC0, 0x1F, 0xC4, 0xFB, 0x05, 0xE3, 0xFD, 0x67, 0x66, 0x60, 0x28,
    0x80, 0x73, 0xFE, 0xF3, 0x32, 0x30, 0x7C, 0x02, 0xD1, 0x59, 0x29, 0x20, 0x15, 0xF5, 0x0C, 0x0C,
    0x3F, 0x81, 0x94, 0x1D, 0x03, 0x43, 0x00, 0x90, 0xBA, 0xCF, 0x20, 0x00, 0xD5, 0xC0, 0xF0, 0x03,
    0x48, 0x33, 0x25, 0x00, 0x89, 0xF9, 0x20, 0xC3, 0x3E, 0x00, 0x19, 0xAC, 0x0B, 0x80, 0x84, 0x3E,
    0xD8, 0xA2, 0xBB, 0x77, 0xEF, 0xB2, 0x5D, 0x00, 0xF2, 0xF8, 0x18, 0x60, 0x00, 0xA4, 0x80, 0x1B,
    0x85, 0xC7, 0x05, 0xE7, 0x7D, 0x44, 0xE1, 0x61, 0xAA, 0xE4, 0x81, 0xF3, 0x40, 0x66, 0xF2, 0xC3,
    0x79, 0x0B, 0x60, 0x5E, 0xD9, 0x00, 0x64, 0xB0, 0x83, 0xDC, 0xB7, 0x1F, 0x66, 0x1C, 0x2B, 0xD8,
    0x9D, 0xA0, 0x40, 0x00, 0xB9, 0x9E, 0x11, 0x4C, 0xC6, 0x33, 0x30, 0x34, 0x80, 0xC2, 0x02, 0xA2,
    0xE2, 0xFF, 0xDC, 0xE9, 0xFF, 0x20, 0x82, 0x09, 0x08, 0xBF, 0xF3, 0x40, 0x35, 0x80, 0xC1, 0x7B,
    0x50, 0xA0, 0x35, 0xC0, 0x78, 0x76, 0x60, 0x2B, 0x9F, 0x42, 0x38, 0xFB, 0xA1, 0xA1, 0x7D, 0x0C,
    0xC4, 0x59, 0xCF, 0x02, 0x73, 0x90, 0x63, 0x59, 0x85, 0x19, 0x98, 0x01, 0x00, 0xE9, 0x60, 0xC7,
    0xD6, 0x78, 0x9C, 0xBD, 0xD1, 0x3D, 0x12, 0xC1, 0x40, 0x14, 0x07, 0xF0, 0x67, 0x7C, 0x8C, 0x1D,
    0xCC, 0xB8, 0x84, 0xDE, 0x2D, 0x34, 0x8A, 0x28, 0x52, 0x53, 0x71, 0x01, 0xBD, 0x23, 0xD0, 0xD2,
    0x38, 0x82, 0x2B, 0xE4, 0x06, 0x32, 0x0A, 0xA3, 0x93, 0x31, 0xE9, 0x63, 0x64, 0x30, 0x08, 0x6B,
    0xFF, 0xEF, 0xED, 0x26, 0x8D, 0xDA, 0x16, 0x2F, 0xF9, 0x65, 0xF6, 0x7D, 0xEC, 0x86, 0xC8, 0x2E,
    0xCF, 0xF7, 0xFD, 0xB2, 0x03, 0x9D, 0xB5, 0xD6, 0xEA, 0x3F, 0x9A, 0x2E, 0x7B, 0xB9, 0xDA, 0x0F,
    0xF3, 0x9C, 0x39, 0xC5, 0x1A, 0xAB, 0x21, 0xF2, 0x18, 0x7A, 0x23, 0x4A, 0x45, 0xFA, 0xCA, 0x7A,
    0x5B, 0x7D, 0xA0, 0x11, 0xDE, 0xB6, 0x93, 0x03, 0x7F, 0x51, 0x21, 0x62, 0x85, 0xE8, 0xC6, 0x42,
    0xDA, 0xD0, 0xF4, 0xE4, 0x3D, 0xEA, 0x6E, 0x42, 0x13, 0x23, 0x64, 0xD0, 0xD3, 0x84, 0x2A, 0x84,
    0xAD, 0x0A, 0x25, 0x4B, 0xD0, 0x05, 0x32, 0x85, 0x8F, 0xC5, 0xD4, 0xA8, 0xCF, 0x0A, 0x7F, 0x4A,
    0x76, 0x46, 0x36, 0x2F, 0x29, 0xF2, 0x32, 0x57, 0x33, 0x75, 0xFD, 0x6A, 0x10, 0xC6, 0x50, 0x68,
    0xDA, 0x82, 0xF8, 0x0C, 0x68, 0x3A, 0x37, 0x58, 0xF0, 0x9C, 0x01, 0x62, 0x5D, 0x2E, 0x47, 0x2B,
    0xBE, 0x88, 0x64, 0xF5, 0x92, 0xF3, 0xF1, 0xEC, 0xF9, 0xD9, 0xE9, 0x64, 0x15, 0xB3, 0xBA, 0x82,
    0x75, 0x24, 0xF7, 0xB9, 0x93, 0x14, 0x2B, 0xDA, 0x9B, 0x67, 0x9F, 0x9C, 0x68, 0x30, 0xEE, 0xD8,
    0x5F, 0xF3, 0x05, 0xEE, 0xAB, 0x23, 0xCD, 0x78, 0x9C, 0x63, 0x60, 0x00, 0x82, 0xA4, 0x19, 0x9D,
    0x66, 0x0C, 0x50, 0x20, 0xF0, 0xE2, 0x3F, 0x10, 0xCC, 0x63, 0x82, 0xF0, 0xBE, 0xFD, 0x07, 0x83,
    0xF9, 0x60, 0xCE, 0x82, 0xFF, 0x50, 0x20, 0x03, 0xE2, 0xFD, 0x82, 0xF1, 0xCE, 0x03, 0x39, 0x05,
    0xFF, 0xE1, 0x80, 0x93, 0x81, 0xE1, 0x13, 0x90, 0xDA, 0x2F, 0xA2, 0xF0, 0x1C, 0x48, 0xE9, 0x33,
    0x30, 0xFC, 0x04, 0x52, 0x6C, 0x40, 0x83, 0xFF, 0xFC, 0xFF, 0xBF, 0x9E, 0x41, 0x00, 0xC8, 0xA9,
    0x07, 0x69, 0xFF, 0x08, 0x64, 0x30, 0x26, 0x00, 0x09, 0x3E, 0x10, 0x6F, 0x02, 0x90, 0xC1, 0xBA,
    0x00, 0xA2, 0x9B, 0x81, 0xC1, 0x01, 0xC4, 0xB8, 0x00, 0x24, 0x72, 0xD3, 0x80, 0xA0, 0x0D, 0xC8,
    0xE0, 0xF9, 0xF0, 0x1F, 0x09, 0xF0, 0xA2, 0xF0, 0xF8, 0x3E, 0x22, 0xF3, 0xF8, 0x3F, 0x60, 0xF0,
    0xBC, 0x5D, 0xA0, 0x80, 0x05, 0x64, 0x26, 0x07, 0xCC, 0xA7, 0x60, 0xFF, 0x70, 0xC1, 0x79, 0x20,
    0xB7, 0xC8, 0x83, 0x43, 0x40, 0x99, 0x91, 0x01, 0xEC, 0xCE, 0xF9, 0x50, 0x97, 0xBD, 0xE7, 0x04,
    0x7B, 0x96, 0x03, 0x1A, 0x1E, 0x6C, 0x60, 0xFF, 0xDD, 0x37, 0x53, 0x3A, 0x06, 0xA4, 0xDE, 0xA3,
    0xF8, 0x3D, 0x1F, 0x39, 0x5C, 0xC0, 0x66, 0x4F, 0x80, 0x71, 0x20, 0x41, 0xF8, 0x14, 0xC2, 0x79,
    0xCF, 0x0A, 0xB1, 0xF3, 0x18, 0x38, 0xFC, 0xD8, 0x60, 0x4E, 0x70, 0x2C, 0xAB, 0x70, 0x63, 0x04,
    0x31, 0x00, 0xE0, 0xE7, 0xE6, 0x5B, 0x78, 0x9C, 0x63, 0x60, 0x40, 0x06, 0x06, 0x37, 0xFF, 0xFF,
    0x5F, 0xCB, 0x06, 0x64, 0x08, 0xFC, 0xFE, 0x0F, 0x04, 0x3C, 0x40, 0xD6, 0x23, 0x10, 0xE3, 0x3F,
    0x27, 0x90, 0xF5, 0x17, 0xCC, 0x62, 0x65, 0x60, 0x28, 0x00, 0x33, 0xFE, 0x33, 0x32, 0x30, 0x5C,
    0x00, 0x33, 0xEE, 0x03, 0x25, 0x3F, 0x02, 0xE9, 0x78, 0x06, 0x43, 0x20, 0xEB, 0x33, 0x90, 0xC5,
    0x01, 0x36, 0xED, 0x0B, 0x90, 0xC5, 0x82, 0xC2, 0x72, 0x70, 0xF9, 0x09, 0x64, 0x79, 0xB8, 0xA8,
    0x30, 0x7C, 0x82, 0x98, 0xF1, 0x7F, 0x3F, 0xD1, 0xAC, 0x84, 0x34, 0x90, 0x9B, 0xB2, 0xD2, 0xDC,
    0xB0, 0x9A, 0x3C, 0xB4, 0x59, 0x00, 0xC8, 0x53, 0xBB, 0x8F, 0x78, 0x9C, 0x6D, 0xD1, 0xBD, 0x4A,
    0x03, 0x41, 0x14, 0x05, 0xE0, 0x93, 0xA0, 0x51, 0xC7, 0x26, 0x60, 0x61, 0x27, 0xFB, 0x08, 0x79,
    0x82, 0x60, 0xB1, 0x60, 0xA9, 0x9D, 0xA5, 0x16, 0x16, 0x5A, 0x9B, 0xB4, 0xE6, 0x15, 0x6C, 0x53,
    0xC5, 0x56, 0x2C, 0xB4, 0x15, 0x04, 0x05, 0x5B, 0xC1, 0x4D, 0x27, 0x36, 0x9B, 0x46, 0x41, 0x2C,
    0x62, 0x10, 0x8D, 0x8A, 0xC9, 0x78, 0xCF, 0x99, 0xD9, 0x25, 0x85, 0x53, 0xDC, 0x9D, 0x6F, 0x99,
    0xB9, 0x3F, 0xBB, 0x00, 0xD0, 0xEA, 0x6E, 0x00, 0x8D, 0x34, 0x4D, 0xAB, 0x40, 0xFD, 0xDB, 0x7B,
    0xDF, 0xC1, 0xC0, 0xA2, 0x03, 0x9E, 0x3C, 0xD7, 0x72, 0xD0, 0x96, 0xE0, 0xAF, 0x83, 0xDE, 0x83,
    0xFC, 0xB3, 0x34, 0x89, 0x9A, 0x52, 0xBB, 0xDC, 0xDD, 0xEF, 0x3F, 0xE8, 0x8D, 0xCB, 0x18, 0xE7,
    0x81, 0x4F, 0x89, 0xD7, 0x76, 0xAC, 0xA6, 0xCE, 0xB8, 0x31, 0xB3, 0x9B, 0xF0, 0x4B, 0xFD, 0x58,
    0x98, 0xA3, 0x78, 0xD4, 0x31, 0x25, 0x81, 0x11, 0x65, 0x89, 0x73, 0x49, 0xD5, 0x99, 0x5F, 0xCA,
    0xFE, 0xD5, 0xCC, 0x49, 0xBB, 0x37, 0x94, 0xDE, 0x28, 0x96, 0xA9, 0x52, 0x6C, 0xC3, 0x71, 0xD4,
    0x05, 0x8A, 0x1B, 0xF7, 0x61, 0x61, 0xCD, 0x90, 0xA8, 0xB3, 0x51, 0x4C, 0xDA, 0x97, 0x4E, 0x18,
    0x8F, 0x56, 0x0E, 0xA7, 0x52, 0xE2, 0x67, 0x96, 0xC3, 0x38, 0xEE, 0x1E, 0xA5, 0xE3, 0x80, 0x61,
    0x3F, 0x7C, 0xC1, 0x2F, 0xA9, 0x99, 0x05, 0x35, 0x38, 0x62, 0xAF, 0x12, 0x85, 0x7A, 0xBB, 0xBB,
    0x5D, 0x41, 0x21, 0x94, 0x33, 0x2C, 0x95, 0x62, 0xD7, 0x8B, 0x48, 0xF6, 0x4E, 0x51, 0x74, 0x5D,
    0x1B, 0x14, 0x07, 0x34, 0xCC, 0x0D, 0xFF, 0x88, 0x8D, 0x74, 0xAB, 0xB1, 0xD7, 0x59, 0x2C, 0x3F,
    0x7B, 0xE5, 0x63, 0x33, 0xCC, 0x15, 0x97, 0xDD, 0xB8, 0x28, 0x71, 0xCE, 0xEB, 0x45, 0xDB, 0xBE,
    0x46, 0x25, 0x2F, 0xDA, 0xE7, 0xAB, 0xB1, 0x70, 0xEB, 0xF2, 0xEE, 0xEA, 0x40, 0x9F, 0xEA, 0x0F,
    0x56, 0x75, 0x4C, 0xC7, 0x78, 0x9C, 0x0B, 0x0D, 0x0D, 0x55, 0x65, 0x80, 0x81, 0xFF, 0xFF, 0xFF,
    0xE7, 0xD3, 0x8F, 0x93, 0x38, 0xA3, 0x92, 0x05, 0xC6, 0xD9, 0x04, 0x24, 0xFF, 0x73, 0x40, 0x38,
    0x0E, 0x20, 0xF6, 0xFF, 0xFB, 0x4C, 0x60, 0xCE, 0x67, 0x30, 0xE7, 0xBF, 0x1C, 0x98, 0xF3, 0x07,
    0xC2, 0xD9, 0x0F, 0xE2, 0x9C, 0xFF, 0x0F, 0x05, 0xCC, 0x10, 0xE5, 0xBB, 0xFF, 0x81, 0x28, 0x2E,
    0x10, 0x71, 0x9E, 0x89, 0x21, 0x00, 0x44, 0xF3, 0x81, 0x08, 0x1E, 0xA0, 0x15, 0x5F, 0x80, 0xB4,
    0x3C, 0x88, 0xC3, 0x04, 0xE4, 0x6C, 0x00, 0xD2, 0xF6, 0x20, 0x1D, 0x20, 0x97, 0x14, 0x00, 0x19,
    0xFE, 0x40, 0xBC, 0x1E, 0xC4, 0x09, 0x80, 0x72, 0xE6, 0x83, 0x38, 0x0E, 0xC3, 0x84, 0x03, 0x00,
    0xFD, 0xFD, 0xFA, 0x92, 0x78, 0x9C, 0x63, 0x30, 0x08, 0x63, 0x64, 0x10, 0xF8, 0xFD, 0xBF, 0x9E,
    0x61, 0xC3, 0xFF, 0xFF, 0xFF, 0x59, 0x3F, 0x01, 0x09, 0x9E, 0xCF, 0x40, 0x82, 0xEF, 0x23, 0x90,
    0xE0, 0x6E, 0x00, 0x12, 0xCC, 0x0C, 0x3F, 0xFE, 0xFB, 0x32, 0x30, 0x30, 0x28, 0x33, 0x20, 0x01,
    0x07, 0x17, 0x17, 0x17, 0xA6, 0x0F, 0x40, 0x59, 0xCE, 0x81, 0x27, 0x00, 0xE6, 0x30, 0x84, 0x9C,
    0x78, 0x9C, 0x63, 0x60, 0x60, 0x30, 0x08, 0x63, 0x64, 0x60, 0x60, 0x10, 0xF8, 0xFD, 0xBF, 0x1E,
    0x48, 0x6D, 0xF8, 0xFF, 0xFF, 0x3F, 0x2B, 0x03, 0xC3, 0x27, 0x20, 0xC5, 0xC3, 0xC0, 0xF0, 0x05,
    0x48, 0xF1, 0x32, 0x30, 0x7C, 0x04, 0x52, 0xDC, 0x0C, 0x0C, 0x13, 0x80, 0x14, 0x33, 0x50, 0xCD,
    0x8F, 0xFF, 0xBE, 0x0C, 0x20, 0xA0, 0xCC, 0x80, 0x01, 0x1C, 0x5C, 0x5C, 0x5C, 0x98, 0x18, 0x18,
    0x3E, 0x00, 0x55, 0x72, 0x0E, 0x0F, 0xEA, 0x33, 0x90, 0xE2, 0x60, 0x60, 0xF8, 0x0D, 0xA4, 0xD8,
    0x36, 0x83, 0xC8, 0xFF, 0x4C, 0xA0, 0x50, 0xF9, 0x7F, 0x1F, 0x1C, 0x38, 0xFF, 0xFD, 0x21, 0x14,
    0x3B, 0x98, 0xCA, 0x03, 0x85, 0xD8, 0xFB, 0x2C, 0x60, 0x38, 0x18, 0x28, 0x83, 0xC2, 0x94, 0x01,
    0x00, 0x06, 0x44, 0xB2, 0x3E, 0x78, 0x9C, 0x0B, 0x0D, 0x0D, 0x35, 0x65, 0x80, 0x81, 0xFF, 0xFF,
    0xFF, 0xCF, 0xA7, 0x27, 0xC7, 0xD1, 0xC5, 0xC5, 0x45, 0x04, 0xCA, 0x11, 0xF8, 0x0B, 0x64, 0x70,
    0x43, 0x39, 0x1B, 0x80, 0xF4, 0x7D, 0x98, 0xB2, 0x9F, 0x40, 0x5A, 0x0F, 0xCA, 0x29, 0x00, 0x52,
    0xFF, 0x99, 0xA1, 0x9C, 0x2F, 0x40, 0x2A, 0x1E, 0x6A, 0x9A, 0x01, 0x48, 0x82, 0x1D, 0xCA, 0x79,
    0x08, 0xD5, 0x09, 0xA6, 0xFE, 0x80, 0xCC, 0x85, 0x72, 0x16, 0x80, 0xCC, 0x65, 0x84, 0x72, 0x7E,
    0x80, 0xCD, 0x85, 0x70, 0xFE, 0x43, 0xCC, 0x45, 0x70, 0xE6, 0x33, 0x20, 0x71, 0xDE, 0x23, 0x73,
    0xFE, 0x73, 0x21, 0x73, 0xE2, 0x91, 0x39, 0xEF, 0xA1, 0x46, 0xFF, 0x8F, 0xFF, 0x87, 0xB0, 0xF4,
    0x3F, 0xEB, 0x57, 0x20, 0x91, 0x0F, 0xE5, 0x80, 0xBD, 0xF6, 0x9F, 0x09, 0xEA, 0x36, 0x01, 0x90,
    0x3A, 0x1E, 0x58, 0x80, 0x80, 0xD4, 0xD5, 0xC3, 0x38, 0x0B, 0x20, 0xEA, 0x20, 0x1C, 0xA8, 0x3A,
    0xA8, 0xBB, 0x40, 0xFE, 0xEE, 0x87, 0x71, 0xC0, 0xEA, 0x98, 0x61, 0x81, 0x08, 0x52, 0xC7, 0x0B,
    0x73, 0x3E, 0x48, 0xDD, 0x7C, 0x00, 0xF1, 0x3D, 0xFB, 0xCF, 0x78, 0x9C, 0x0B, 0x0D, 0x0D, 0x35,
    0xFD, 0xFF, 0xFF, 0xFF, 0xFC, 0xC1, 0x84, 0x01, 0x93, 0xE9, 0x83, 0x25, 0x78, 0x9C, 0x73, 0x71,
    0x71, 0x61, 0x61, 0x60, 0x28, 0x9E, 0x19, 0xC1, 0x00, 0x02, 0xAD, 0x33, 0x3D, 0x80, 0xE4, 0xFF,
    0xFF, 0xFF, 0xED, 0x19, 0xAE, 0x00, 0xC9, 0x7A, 0x06, 0x06, 0x81, 0x1F, 0x40, 0xBA, 0x1F, 0x22,
    0x56, 0xF0, 0x1F, 0x04, 0xB8, 0x19, 0x1E, 0x81, 0x69, 0x19, 0xB0, 0xD8, 0x57, 0x30, 0x7B, 0xBE,
    0xC0, 0x3F, 0x30, 0x7D, 0x1E, 0x24, 0xE6, 0x0F, 0x61, 0xFF, 0x5F, 0x04, 0xA1, 0xFE, 0xB3, 0x83,
    0x24, 0xA0, 0xEC, 0xDF, 0x50, 0x9A, 0x0F, 0x4C, 0xAE, 0xBB, 0x05, 0xE1, 0xAD, 0x79, 0x05, 0x22,
    0xED, 0xFF, 0x43, 0xAC, 0xFC, 0x06, 0xA2, 0xED, 0x18, 0x18, 0xBE, 0x83, 0xB8, 0x60, 0x03, 0x18,
    0x18, 0xC0, 0x56, 0x03, 0x1D, 0xDA, 0x00, 0xB2, 0x0C, 0xC4, 0x66, 0x80, 0xB8, 0xF3, 0x3C, 0x90,
    0x12, 0x00, 0xD2, 0xEB, 0x81, 0x78, 0x3F, 0x48, 0xEC, 0x2F, 0x50, 0x1E, 0x2A, 0x07, 0x12, 0x9B,
    0x0F, 0x15, 0xEB, 0x07, 0xD1, 0xFF, 0x46, 0xC5, 0x28, 0x16, 0x03, 0x00, 0x27, 0x26, 0x4F, 0x27,
    0x78, 0x9C, 0x73, 0x71, 0x71, 0x61, 0x61, 0x60, 0x48, 0x9A, 0x51, 0x09, 0x24, 0x19, 0xFE, 0xFF,
    0xFF, 0x6F, 0xCF, 0xB0, 0x09, 0x48, 0xBE, 0x67, 0x87, 0x70, 0x02, 0xFE, 0x83, 0xC0, 0x79, 0x46,
    0x30, 0xE7, 0x0B, 0x98, 0xF3, 0x9F, 0x17, 0xC4, 0xF1, 0xFF, 0x07, 0xE1, 0xCC, 0x07, 0x71, 0xCE,
    0xFF, 0x87, 0x02, 0x26, 0x88, 0xF2, 0xDD, 0x60, 0x49, 0x0E, 0x10, 0xB1, 0x9F, 0x89, 0x21, 0x01,
    0x44, 0xF3, 0x80, 0x08, 0x6E, 0xA0, 0x15, 0xDF, 0x80, 0x34, 0x3F, 0x58, 0x2D, 0x90, 0x73, 0x01,
    0x48, 0xCB, 0x83, 0x74, 0x00, 0xD9, 0x0C, 0x0D, 0x40, 0x86, 0x3E, 0x10, 0xAF, 0x07, 0x71, 0x12,
    0xA0, 0x9C, 0xF9, 0xC3, 0x89, 0x03, 0x00, 0xA3, 0x3C, 0xDA, 0x2F, 0x78, 0x9C, 0x63, 0x60, 0x00,
    0x82, 0xA0, 0x19, 0x9D, 0xEE, 0x8C, 0x0C, 0x10, 0x20, 0x70, 0xFD, 0x3F, 0x10, 0x9C, 0x67, 0x85,
    0xF0, 0xBE, 0xFD, 0x07, 0x83, 0xFB, 0x4C, 0x20, 0xCE, 0x82, 0xFF, 0x50, 0x10, 0x0F, 0xE2, 0xFD,
    0x82, 0xF1, 0xFE, 0x03, 0xD5, 0x16, 0xC0, 0x39, 0xFF, 0xF5, 0x19, 0x18, 0x3E, 0x01, 0xA9, 0xF7,
    0xE6, 0x4E, 0x3F, 0x41, 0x06, 0x41, 0x14, 0xCA, 0x32, 0x30, 0x38, 0x80, 0x24, 0x59, 0x04, 0x40,
    0x24, 0x13, 0xD4, 0x64, 0xEE, 0x04, 0x20, 0x31, 0x1F, 0x64, 0xD8, 0x03, 0x20, 0x43, 0x7E, 0x01,
    0x44, 0x37, 0x03, 0x43, 0x03, 0xC8, 0x8E, 0x0B, 0x40, 0x82, 0x0F, 0xC4, 0x03, 0x69, 0xEC, 0xFF,
    0x00, 0x52, 0x0E, 0x76, 0x1F, 0x90, 0xB1, 0x1E, 0xC4, 0xE3, 0x02, 0x3B, 0x10, 0xC8, 0xD8, 0xFF,
    0x11, 0x99, 0x77, 0x1E, 0x55, 0x0E, 0xC4, 0xE3, 0x81, 0xEB, 0x03, 0x99, 0xC9, 0x0F, 0x33, 0xB3,
    0x1E, 0x64, 0x9F, 0x3D, 0xDC, 0xBE, 0x00, 0x90, 0x02, 0x98, 0x5B, 0xF8, 0xC1, 0xEE, 0x64, 0x06,
    0xF2, 0x7E, 0x80, 0x2D, 0x06, 0x79, 0xC5, 0x8E, 0x81, 0x21, 0x01, 0xEC, 0x07, 0x06, 0x90, 0x85,
    0xFF, 0xB3, 0x4A, 0xFF, 0x80, 0x2C, 0x80, 0x0A, 0x42, 0x80, 0x1E, 0x50, 0xC3, 0x4F, 0x38, 0x8F,
    0x05, 0x6A, 0x34, 0x18, 0xF8, 0x83, 0x9D, 0xF4, 0x04, 0xC2, 0xD9, 0x0F, 0x0D, 0xED, 0x63, 0x20,
    0xCE, 0x7A, 0x16, 0x68, 0xD0, 0x33, 0x38, 0x96, 0x55, 0x98, 0x81, 0x19, 0x00, 0x2E, 0xDA, 0xE3,
    0x32, 0x78, 0x9C, 0xBD, 0xD0, 0x3B, 0x0A, 0xC2, 0x40, 0x10, 0x06, 0xE0, 0x89, 0x31, 0x1A, 0x41,
    0xAC, 0x6C, 0xD5, 0x80, 0x17, 0x08, 0xE4, 0x00, 0x5A, 0x04, 0xAF, 0x21, 0x16, 0xA2, 0xB7, 0xD0,
    0x1B, 0xD8, 0x8A, 0x4D, 0xF0, 0x04, 0xF1, 0x06, 0x1E, 0x21, 0x78, 0x82, 0xC5, 0xCE, 0x4E, 0x50,
    0x41, 0xF1, 0xB5, 0xCE, 0x3F, 0xBB, 0x2A, 0xC1, 0xDE, 0x81, 0xCC, 0xEC, 0x07, 0xBB, 0x93, 0xD9,
    0x8D, 0xE3, 0xB8, 0x4E, 0x34, 0x98, 0x8F, 0x5D, 0xE2, 0xD0, 0x5A, 0x4F, 0x68, 0xC9, 0x59, 0x79,
    0x56, 0xE1, 0x93, 0xB3, 0x5E, 0x3B, 0x46, 0x07, 0x2D, 0xD1, 0x30, 0xBA, 0x19, 0x65, 0x22, 0xA5,
    0x6D, 0x94, 0x49, 0x4A, 0x3A, 0xDA, 0xA1, 0xB4, 0x44, 0xAA, 0x40, 0x74, 0x95, 0xE6, 0x50, 0x93,
    0x7B, 0xAF, 0xE4, 0x20, 0x54, 0x62, 0x05, 0x58, 0x38, 0x48, 0x98, 0x82, 0xD0, 0xB8, 0x88, 0xDF,
    0x8A, 0xCE, 0xD8, 0xC4, 0xDF, 0x4C, 0x74, 0xE4, 0x95, 0x2F, 0xAD, 0x10, 0x18, 0xA8, 0xF2, 0xA3,
    0xFC, 0xCE, 0x44, 0x74, 0xB2, 0xCA, 0x44, 0x17, 0xDB, 0x53, 0x3B, 0xD0, 0x9D, 0x17, 0x2E, 0xE4,
    0x33, 0xBA, 0x32, 0x06, 0x52, 0x87, 0xB5, 0x91, 0x31, 0xA0, 0xBD, 0x47, 0x01, 0x36, 0xF6, 0xCD,
    0xFD, 0xD4, 0x42, 0xAE, 0x5F, 0xCB, 0xDD, 0xDD, 0x83, 0x12, 0xFB, 0x2E, 0xA9, 0xBC, 0x4B, 0xB2,
    0x35, 0xAA, 0x1A, 0x05, 0x0F, 0x6D, 0x47, 0x92, 0x32, 0xE5, 0xE7, 0x4D, 0xDD, 0xB7, 0x28, 0x1C,
    0xF6, 0x88, 0x3E, 0x7A, 0xC7, 0xBF, 0x15, 0x45, 0x51, 0xFB, 0xAB, 0x17, 0x72, 0x7F, 0x1D, 0xB9,
    0x78, 0x9C, 0xC5, 0xD0, 0x3B, 0x0E, 0x01, 0x51, 0x14, 0x06, 0xE0, 0x9F, 0x20, 0x6E, 0x90, 0xD8,
    0x84, 0x7E, 0x92, 0xD9, 0xC2, 0x24, 0x1A, 0x05, 0x2B, 0xA0, 0x62, 0x03, 0x7A, 0x4B, 0xA0, 0xA5,
    0xB1, 0x04, 0x5B, 0xB0, 0x03, 0x13, 0x85, 0xE8, 0x88, 0x50, 0x13, 0x84, 0x78, 0x5E, 0xF7, 0x3F,
    0x67, 0xC6, 0x34, 0x7A, 0x53, 0x9C, 0x99, 0x6F, 0x72, 0xCF, 0xEB, 0x02, 0x40, 0x77, 0x58, 0x05,
    0xBC, 0x20, 0x08, 0xD2, 0x40, 0xF9, 0x66, 0xAD, 0xED, 0x61, 0xED, 0xA2, 0x01, 0xB6, 0x96, 0x4F,
    0x41, 0x55, 0x17, 0xD8, 0x89, 0xEA, 0xA4, 0xB2, 0x3B, 0xD1, 0x2B, 0xD2, 0x9B, 0x6A, 0xF1, 0x6B,
    0xD6, 0x59, 0xCA, 0x1F, 0x13, 0x32, 0x66, 0x80, 0x8B, 0x88, 0x69, 0x4D, 0xD7, 0x53, 0xCE, 0x98,
    0xAB, 0x0B, 0x45, 0x27, 0x3C, 0xA9, 0xBB, 0x0B, 0x59, 0x8A, 0x47, 0x0D, 0x4B, 0xA6, 0xA8, 0x23,
    0xE5, 0x0A, 0xAF, 0x08, 0x1C, 0x28, 0xD6, 0x17, 0x85, 0x3F, 0xA5, 0x27, 0xD7, 0x51, 0xDE, 0x3E,
    0xC9, 0x7B, 0xC6, 0x35, 0x4F, 0x71, 0xBF, 0x1C, 0xC5, 0x31, 0x0C, 0x9B, 0x96, 0x28, 0xD9, 0x81,
    0x4D, 0xFB, 0x0E, 0x03, 0x99, 0x73, 0xCA, 0x98, 0xD7, 0xCB, 0xB1, 0x46, 0x2E, 0x62, 0x3F, 0x7A,
    0xE8, 0x7E, 0x32, 0xFB, 0x77, 0x77, 0x6C, 0x22, 0x9D, 0x45, 0x9E, 0x62, 0x7C, 0xD0, 0xFB, 0x9C,
    0x6B, 0x4A, 0x24, 0x2C, 0xDC, 0xBB, 0x86, 0x58, 0x68, 0xB4, 0x2B, 0x48, 0x94, 0x4C, 0xFD, 0x37,
    0x79, 0xBE, 0xEF, 0xA7, 0x3F, 0xF1, 0xA8, 0x28, 0x3A, 0x78, 0x9C, 0x73, 0x71, 0x71, 0x11, 0x61,
    0x10, 0x98, 0xDE, 0xC5, 0xFC, 0xFF, 0xFF, 0xFF, 0x78, 0x86, 0x9F, 0xFF, 0xFF, 0x73, 0x82, 0x18,
    0x1B, 0xFE, 0x43, 0x19, 0xDF, 0xA1, 0x8C, 0xFC, 0xFF, 0x50, 0xC6, 0x7D, 0x18, 0x03, 0x08, 0xDE,
    0x43, 0x19, 0x96, 0x0C, 0x02, 0x4C, 0x20, 0xDA, 0x9F, 0x01, 0x08, 0x40, 0x0C, 0x76, 0x28, 0xE3,
    0x3D, 0x03, 0x94, 0xB1, 0x1F, 0xC6, 0x98, 0x3F, 0x98, 0x18, 0x00, 0x4A, 0xAE, 0x7D, 0x1B, 0x78,
    0x9C, 0x63, 0x60, 0x60, 0x60, 0x70, 0x6C, 0x9F, 0x59, 0x21, 0xC2, 0x00, 0x01, 0x47, 0xFF, 0x83,
    0x40, 0x0E, 0x98, 0x7D, 0xF9, 0x3F, 0x04, 0xD8, 0x02, 0xD9, 0x0E, 0xFF, 0x61, 0x80, 0x85, 0x81,
    0xE1, 0x13, 0x9C, 0xA3, 0xCF, 0xC0, 0xF0, 0x1B, 0x44, 0x9F, 0xFD, 0x07, 0x24, 0xCE, 0x33, 0x08,
    0x00, 0xC9, 0xF7, 0x6C, 0x0C, 0x06, 0x7F, 0x80, 0x34, 0x73, 0x00, 0x90, 0xF0, 0x07, 0x6A, 0xBD,
    0x00, 0xA4, 0xD9, 0x13, 0x80, 0x84, 0x3C, 0x90, 0x13, 0x70, 0x6F, 0xCF, 0x2C, 0x56, 0x10, 0x27,
    0x1F, 0x6A, 0x21, 0xC4, 0x64, 0x71, 0x18, 0x0F, 0x6C, 0xEA, 0x5A, 0x33, 0x08, 0xE7, 0x07, 0xC4,
    0x92, 0xFB, 0x9E, 0x20, 0xCE, 0x01, 0x98, 0x9D, 0x75, 0x20, 0xDE, 0x6F, 0x18, 0x4F, 0x17, 0x64,
    0xE8, 0x1F, 0x28, 0xE7, 0x3D, 0x23, 0x90, 0xA7, 0xB0, 0xEC, 0x2F, 0x84, 0xC7, 0x05, 0x36, 0x44,
    0xA0, 0x04, 0xAC, 0x96, 0x1F, 0x66, 0xC3, 0x77, 0x20, 0xC7, 0x9E, 0x81, 0x41, 0xD1, 0x19, 0xA4,
    0x76, 0x02, 0xC8, 0x8D, 0x1F, 0x81, 0x04, 0x27, 0x90, 0x03, 0x72, 0x96, 0xFF, 0x05, 0x88, 0x34,
    0xD8, 0x3A, 0xF9, 0x02, 0x90, 0x4E, 0x0D, 0x88, 0xF9, 0xDC, 0x02, 0xFF, 0xE0, 0xDE, 0xFE, 0xCF,
    0xCC, 0xF0, 0x05, 0xCE, 0xEE, 0x07, 0x3A, 0x00, 0xCE, 0xE1, 0x00, 0x6A, 0x3D, 0x0C, 0x65, 0xFB,
    0x81, 0xED, 0x5B, 0x0A, 0x66, 0x47, 0x43, 0x6D, 0x57, 0x28, 0x6D, 0x4F, 0x67, 0x06, 0x31, 0x00,
    0x13, 0x7D, 0xD1, 0xDC, 0x78, 0x9C, 0x63, 0x50, 0xB8, 0x7B, 0xF7, 0x6E, 0x2C, 0x03, 0x10, 0x28,
    0xFC, 0xFF, 0xFF, 0x3F, 0x9F, 0x48, 0x86, 0x73, 0x09, 0x90, 0xB1, 0xDE, 0xC5, 0x85, 0xE9, 0xDF,
    0x7F, 0x08, 0xE0, 0x20, 0x86, 0x91, 0x3A, 0x0D, 0x48, 0x9E, 0x4F, 0x4B, 0x63, 0x26, 0xC9, 0x2E,
    0xAA, 0x32, 0xEA, 0x61, 0x8C, 0xFB, 0x8C, 0x20, 0x16, 0xC8, 0x59, 0xE7, 0xEF, 0x00, 0x19, 0x7F,
    0xC0, 0x2E, 0x64, 0x62, 0x60, 0xF8, 0x0A, 0x66, 0xB0, 0x32, 0x30, 0x2C, 0x80, 0xB8, 0x19, 0x28,
    0xF7, 0x0B, 0xC4, 0xE0, 0x01, 0x32, 0x1C, 0xFE, 0x40, 0x19, 0xC0, 0x00, 0x08, 0x65, 0x66, 0x00,
    0x00, 0x29, 0xF7, 0x9E, 0x1E, 0x78, 0x9C, 0x73, 0x71, 0x71, 0x51, 0x61, 0x00, 0x02, 0x05, 0x17,
    0x17, 0x17, 0x96, 0xFF, 0xFF, 0xFF, 0xCF, 0x07, 0x71, 0x0A, 0x80, 0x0C, 0xF9, 0xA1, 0xCD, 0x69,
    0x80, 0x72, 0xD6, 0x83, 0x38, 0x13, 0xA0, 0x9C, 0xF3, 0x20, 0xCE, 0x05, 0x10, 0xE7, 0x1F, 0x90,
    0x60, 0x02, 0x72, 0xBE, 0x80, 0x38, 0x7F, 0x80, 0x04, 0x0F, 0x30, 0x08, 0x40, 0x82, 0xF2, 0x3F,
    0x81, 0xC4, 0x7D, 0x51, 0x83, 0x1F, 0xFF, 0x41, 0x1C, 0x90, 0x34, 0x0C, 0xC8, 0x5F, 0x80, 0x32,
    0xFA, 0x41, 0x1C, 0x07, 0x28, 0xC7, 0x06, 0xC4, 0x61, 0xF8, 0x0E, 0x66, 0xBF, 0x37, 0x02, 0x73,
    0x0A, 0xC0, 0x1C, 0x5D, 0x03, 0x30, 0x87, 0x61, 0x11, 0x90, 0xAA, 0x65, 0x80, 0x72, 0x18, 0x0C,
    0x42, 0x45, 0x18, 0x20, 0x00, 0x00, 0xA4, 0x66, 0xDB, 0x1B, 0x78, 0x9C, 0x3D, 0x91, 0xFD, 0x11,
    0xC1, 0x40, 0x10, 0xC5, 0x37, 0xF1, 0x15, 0x46, 0xD0, 0x01, 0x1D, 0x50, 0x82, 0x31, 0xF9, 0x9F,
    0x0E, 0xE8, 0x80, 0x0E, 0xE8, 0x80, 0x0E, 0xE8, 0x80, 0x0E, 0xA2, 0x03, 0xE9, 0x80, 0x0E, 0x98,
    0xF8, 0xCA, 0x10, 0xCE, 0xDB, 0xDD, 0x3B, 0xFB, 0xC7, 0xBE, 0xF7, 0xCB, 0xDC, 0xED, 0xBB, 0xBB,
    0xF4, 0xA3, 0x28, 0x2A, 0x10, 0xD7, 0x00, 0xCE, 0x4B, 0x8C, 0x31, 0x6D, 0xC1, 0x1C, 0xCE, 0x5F,
    0xA0, 0x8D, 0x99, 0x5A, 0x30, 0x47, 0xEA, 0xA0, 0x6F, 0x19, 0x47, 0x30, 0x73, 0xA2, 0x8F, 0x31,
    0x67, 0xC6, 0x8D, 0xEE, 0x7A, 0x42, 0x78, 0xD6, 0x09, 0x5A, 0x27, 0x4A, 0x21, 0x01, 0xF0, 0x0A,
    0x2D, 0x13, 0xED, 0xF5, 0x2B, 0x65, 0x50, 0x8F, 0x68, 0x62, 0x93, 0x30, 0x23, 0xB6, 0x01, 0x53,
    0x15, 0x09, 0x7C, 0x4B, 0x12, 0x2F, 0x6A, 0x32, 0x3E, 0x60, 0x34, 0xA7, 0xC6, 0x78, 0x81, 0x29,
    0x4A, 0x2F, 0xB9, 0xFC, 0x80, 0x6E, 0xB2, 0xC6, 0x9E, 0x2E, 0xE4, 0x9C, 0xB5, 0x20, 0x01, 0xBB,
    0x9C, 0x33, 0x54, 0x7C, 0x21, 0x89, 0x73, 0x1A, 0x8A, 0xD8, 0x16, 0x73, 0x4E, 0x55, 0x91, 0x0F,
    0xBF, 0xB3, 0x17, 0x41, 0xAD, 0x60, 0xEF, 0x7C, 0x77, 0xAD, 0x1E, 0xF0, 0x6B, 0xCC, 0xD2, 0x22,
    0xC1, 0xCB, 0x74, 0x5B, 0x99, 0x60, 0xE8, 0x30, 0x15, 0xAC, 0x38, 0x4C, 0x04, 0x7D, 0x87, 0x33,
    0xA6, 0x83, 0x23, 0x79, 0x5C, 0x7E, 0x02, 0x57, 0xF9, 0xFF, 0x57, 0xFC, 0x00, 0x29, 0xED, 0xBB,
    0x46, 0x78, 0x9C, 0x35, 0x51, 0xB9, 0x41, 0xC3, 0x40, 0x10, 0x1C, 0x64, 0x90, 0x41, 0x18, 0x41,
    0x07, 0x76, 0x40, 0x44, 0x62, 0x3A, 0x40, 0x81, 0x72, 0xE8, 0x80, 0x0E, 0xB0, 0x3B, 0xC0, 0x21,
    0x99, 0xE9, 0xC0, 0x74, 0x00, 0x1D, 0x40, 0x4E, 0x80, 0x3B, 0x80, 0x0E, 0x6C, 0x1E, 0xF3, 0x09,
    0x58, 0x66, 0x67, 0x75, 0x0A, 0x6E, 0x66, 0x67, 0x6F, 0x9F, 0x1B, 0x55, 0x75, 0x5D, 0x67, 0x00,
    0x06, 0xC4, 0x75, 0x22, 0x88, 0xFB, 0x77, 0x66, 0xD6, 0x23, 0xBF, 0x22, 0x1E, 0x11, 0x2B, 0xE2,
    0xF1, 0x84, 0xC7, 0x2E, 0x83, 0x27, 0xE2, 0x39, 0x51, 0xB1, 0x32, 0x0C, 0x5E, 0x88, 0xB7, 0xC4,
    0xA8, 0x6C, 0x6F, 0xBC, 0x13, 0x17, 0xC4, 0x25, 0xB1, 0x8B, 0x26, 0x6E, 0x7C, 0x33, 0xB0, 0x0E,
    0xF0, 0x2A, 0xF8, 0xE0, 0x49, 0xF1, 0xCF, 0xC5, 0x1C, 0x1E, 0x2E, 0xA2, 0x59, 0x07, 0x7B, 0xAE,
    0x59, 0xA1, 0x8A, 0xEB, 0x18, 0x9B, 0xE3, 0x44, 0x62, 0xA9, 0x8A, 0x51, 0x2C, 0x58, 0xE0, 0x52,
    0xE2, 0x10, 0x03, 0x9D, 0xBA, 0x53, 0x62, 0x2E, 0x71, 0xA4, 0x68, 0x07, 0xEA, 0xD6, 0xC7, 0xB3,
    0xD9, 0x99, 0x77, 0xF3, 0x8A, 0x2D, 0xCE, 0xFD, 0x35, 0x3B, 0xC5, 0xCA, 0xEC, 0xC0, 0xE7, 0x7A,
    0xC5, 0x06, 0xC5, 0x4F, 0xB3, 0x19, 0xBE, 0xC8, 0x99, 0xCD, 0x96, 0xB1, 0x20, 0xDE, 0xCC, 0x1E,
    0xF0, 0x63, 0xB6, 0xC6, 0x44, 0xAE, 0xA0, 0x7D, 0x18, 0x9C, 0xB3, 0x45, 0xC1, 0xDD, 0xA7, 0x2E,
    0xDE, 0x50, 0xAC, 0x9D, 0x73, 0x58, 0xD9, 0x84, 0x81, 0x18, 0x53, 0xBC, 0x70, 0xAB, 0x68, 0xD0,
    0xB0, 0x35, 0x52, 0xFB, 0xDE, 0x3B, 0xA7, 0x95, 0x33, 0xF2, 0x6D, 0x17, 0xC3, 0x0B, 0xF2, 0x43,
    0xA1, 0xBB, 0x92, 0x5C, 0xA3, 0x89, 0x08, 0x31, 0x93, 0xB8, 0x4A, 0x5C, 0xD9, 0x47, 0x69, 0x3E,
    0x35, 0x5C, 0x77, 0xF7, 0xF9, 0x10, 0x7D, 0xF3, 0xC4, 0xDD, 0x5A, 0x3E, 0x59, 0xDF, 0x24, 0x71,
    0x65, 0xFB, 0x21, 0x56, 0x89, 0xCB, 0xD4, 0x5E, 0x88, 0x48, 0x5C, 0xF6, 0x6F, 0xB6, 0x62, 0x93,
    0x78, 0xFB, 0x47, 0xF1, 0x0F, 0xD4, 0x5F, 0x42, 0xCB, 0x78, 0x9C, 0x3D, 0x90, 0xE9, 0x0D, 0xC2,
    0x30, 0x0C, 0x85, 0x5F, 0xB9, 0x44, 0xB9, 0xC4, 0x04, 0x88, 0x05, 0x10, 0x23, 0x70, 0xA8, 0xBF,
    0x81, 0x0D, 0x60, 0x03, 0xD8, 0x80, 0x11, 0x18, 0x01, 0x46, 0xE8, 0x06, 0x8C, 0x00, 0x1B, 0x40,
    0x27, 0xA8, 0x40, 0x95, 0x28, 0xA0, 0x62, 0x7C, 0xA4, 0xB1, 0x94, 0x38, 0x5F, 0x12, 0xFB, 0x59,
    0x6F, 0x16, 0x45, 0x51, 0x00, 0x8E, 0x39, 0x1F, 0xF0, 0x20, 0xA2, 0xB6, 0xD0, 0x8F, 0xE8, 0x82,
    0x1D, 0xD3, 0x92, 0x41, 0xF2, 0x04, 0x28, 0xE4, 0x0E, 0x48, 0x98, 0x5A, 0x40, 0xC6, 0xA9, 0x0E,
    0xE4, 0x9C, 0xB8, 0x3E, 0xE6, 0xD4, 0x45, 0x9F, 0xF7, 0x3D, 0x7F, 0x19, 0x72, 0x5E, 0xE3, 0xA4,
    0x77, 0x1C, 0x6F, 0xA2, 0x1B, 0x9E, 0xF6, 0xDF, 0xEA, 0x1B, 0x5F, 0xA2, 0xB3, 0x80, 0xF6, 0x5E,
    0xF0, 0x1A, 0x2B, 0x89, 0x86, 0x44, 0x68, 0x94, 0x29, 0xA4, 0x81, 0x51, 0xAC, 0xB4, 0x35, 0x50,
    0x0D, 0xD7, 0xDF, 0x17, 0x36, 0x1D, 0xAC, 0xF4, 0x6D, 0xE0, 0xE8, 0xAE, 0x74, 0x74, 0x94, 0x9B,
    0x42, 0xD5, 0x37, 0x49, 0x79, 0x75, 0xBC, 0xC0, 0xC8, 0x4B, 0x88, 0x78, 0x2D, 0x2F, 0xE5, 0x0B,
    0x19, 0x38, 0x71, 0xA3, 0xED, 0x74, 0xE0, 0x8D, 0xD9, 0xA2, 0xA6, 0x85, 0xDE, 0x9E, 0x8F, 0x19,
    0x62, 0xF6, 0x4C, 0x9D, 0x21, 0xD2, 0xB9, 0x87, 0xAB, 0x1B, 0x58, 0x54, 0x0F, 0x78, 0x95, 0x86,
    0xC8, 0x44, 0x95, 0x3F, 0x55, 0xB6, 0xC2, 0x45, 0x78, 0x9C, 0x55, 0x91, 0xDD, 0x4D, 0x02, 0x51,
    0x10, 0x85, 0xCF, 0x22, 0x3F, 0x2A, 0x04, 0x8C, 0x0D, 0x40, 0x05, 0x68, 0xAC, 0xC0, 0x98, 0x7D,
    0x87, 0x0E, 0xB0, 0x03, 0xE9, 0x40, 0x3B, 0x80, 0x0E, 0xA4, 0x02, 0x42, 0x07, 0xE8, 0xBB, 0x89,
    0x74, 0x80, 0x56, 0x40, 0x14, 0x23, 0x3F, 0x82, 0xE3, 0x99, 0xB9, 0x77, 0x76, 0x65, 0x1E, 0xEE,
    0x9C, 0x6F, 0xB3, 0x73, 0xCF, 0xCC, 0xDC, 0xEB, 0x34, 0x4D, 0x8F, 0xA0, 0x71, 0x43, 0x95, 0xCC,
    0x44, 0xA4, 0x61, 0xB8, 0xA3, 0x2A, 0x3C, 0xF0, 0xE8, 0x28, 0x9D, 0x51, 0xCC, 0xD1, 0xE2, 0xF9,
    0xA8, 0xD8, 0xA5, 0xB8, 0x07, 0xF6, 0xFA, 0x91, 0x31, 0x22, 0x36, 0x81, 0x95, 0x96, 0x10, 0xDF,
    0x98, 0x6B, 0xC0, 0x27, 0x53, 0x99, 0xB8, 0x0C, 0xF9, 0x89, 0xA9, 0x8A, 0xF0, 0x57, 0x02, 0xDC,
    0x46, 0x27, 0xFA, 0x4C, 0xA3, 0x41, 0x27, 0xA4, 0x9E, 0x5E, 0xF9, 0x63, 0x4E, 0x5D, 0x6F, 0xE7,
    0xDB, 0x9C, 0xD4, 0xE7, 0x54, 0xF1, 0xC3, 0x9C, 0xD4, 0xA7, 0xA8, 0x38, 0x31, 0x07, 0xFA, 0x2C,
    0xE0, 0xDD, 0x55, 0xD5, 0xC7, 0x7A, 0x05, 0xEC, 0x92, 0x5D, 0x9C, 0x04, 0xD8, 0x52, 0xA9, 0x4F,
    0x3D, 0xE0, 0x97, 0xC8, 0x40, 0x2B, 0x8E, 0x03, 0xF2, 0xD2, 0xB9, 0xFA, 0x84, 0xA5, 0x60, 0x48,
    0xF9, 0x1E, 0xC7, 0x64, 0x5C, 0x12, 0x59, 0x3F, 0x88, 0x88, 0x5F, 0xD1, 0xB8, 0x70, 0x5C, 0x1B,
    0xD6, 0x1C, 0x97, 0x86, 0x15, 0xC7, 0x99, 0x61, 0xE2, 0xA8, 0xCB, 0x95, 0x57, 0x27, 0x5B, 0xAE,
    0xDC, 0x65, 0x68, 0x0F, 0xD0, 0xCC, 0x71, 0x15, 0xD7, 0x87, 0x6C, 0x08, 0x29, 0x1D, 0xD6, 0x3A,
    0x24, 0x78, 0x96, 0x6C, 0x76, 0x60, 0xF3, 0x72, 0xD0, 0xE2, 0xDE, 0x9A, 0x38, 0xF9, 0x5F, 0x28,
    0x0B, 0xEF, 0xA9, 0x6F, 0xD8, 0xF6, 0x7F, 0xF5, 0xC9, 0x64, 0x5A, 0x70, 0x1C, 0x71, 0xDA, 0x71,
    0x31, 0xEF, 0x01, 0x57, 0xE7, 0xB9, 0xFE, 0x03, 0xC9, 0xAA, 0xEB, 0xD6, 0x78, 0x9C, 0x53, 0x70,
    0x81, 0x03, 0x91, 0x05, 0xFF, 0xE1, 0x20, 0x9E, 0x44, 0xB6, 0x7F, 0xC3, 0x19, 0x30, 0x00, 0xB1,
    0xB9, 0x18, 0xC0, 0xC0, 0x00, 0xC8, 0xBC, 0x0F, 0x61, 0x32, 0x3C, 0x04, 0xB2, 0xF5, 0xA1, 0xEC,
    0x3F, 0x40, 0x36, 0x2B, 0x84, 0x09, 0x32, 0xA0, 0x1F, 0x2A, 0xFC, 0x1D, 0xC8, 0xE6, 0x81, 0x30,
    0x1D, 0x80, 0xCC, 0xF7, 0x8C, 0x10, 0xF6, 0x23, 0x20, 0xDB, 0x1E, 0xAA, 0xE4, 0x2F, 0x90, 0xCD,
    0x8E, 0xD0, 0xB9, 0x1E, 0x49, 0x27, 0x2F, 0x42, 0xE7, 0x7F, 0x26, 0x08, 0xFB, 0x13, 0xC8, 0x89,
    0x48, 0x3A, 0x39, 0x20, 0xCC, 0x0D, 0x40, 0xE6, 0x79, 0xA8, 0xF0, 0x0F, 0x20, 0x5B, 0x0F, 0xC2,
    0x0C, 0x40, 0xF8, 0xE5, 0xFC, 0x47, 0x24, 0xF6, 0x27, 0x12, 0xD9, 0x00, 0x2A, 0x5C, 0xC6, 0x94,
    0x78, 0x9C, 0x63, 0x60, 0x40, 0x01, 0x06, 0xDB, 0xDF, 0xFC, 0x67, 0x01, 0x31, 0x02, 0xFE, 0xFE,
    0xFF, 0x0F, 0x61, 0xFD, 0xF8, 0x0F, 0x65, 0x05, 0xFC, 0x87, 0xB1, 0x1E, 0xC2, 0x59, 0xDF, 0x40,
    0x8C, 0x35, 0x4C, 0x40, 0xD6, 0x2F, 0x20, 0x83, 0x13, 0x6C, 0x06, 0x50, 0xE7, 0x79, 0x88, 0x69,
    0x40, 0xA1, 0x7A, 0x38, 0xCB, 0x1F, 0xCE, 0xB2, 0x27, 0x89, 0xA5, 0x00, 0x67, 0x25, 0x00, 0x59,
    0xFA, 0x60, 0x16, 0xC8, 0x01, 0xFC, 0x20, 0x46, 0xD2, 0x3F, 0x20, 0x8B, 0x0B, 0xC8, 0x00, 0xD1,
    0xFF, 0xDF, 0x33, 0xC2, 0x58, 0x3A, 0x0C, 0x10, 0xD6, 0x7B, 0x2F, 0x98, 0x61, 0xF2, 0x10, 0x63,
    0x41, 0xB2, 0x35, 0x70, 0xD6, 0x7F, 0x3B, 0x10, 0xEB, 0x0F, 0xD8, 0x3B, 0x20, 0x4F, 0x30, 0x38,
    0x80, 0xD8, 0xDC, 0x60, 0xF9, 0x0B, 0x30, 0x3B, 0x90, 0xEC, 0x55, 0x20, 0xD9, 0xF5, 0xA8, 0x3E,
    0x8F, 0x87, 0x3B, 0xA2, 0x9F, 0x01, 0x16, 0x56, 0xF7, 0x21, 0x2C, 0x50, 0xF8, 0x69, 0x83, 0x59,
    0x5F, 0x41, 0xAE, 0xB9, 0xC7, 0x0C, 0x64, 0x3D, 0x80, 0x87, 0xB3, 0x03, 0x9C, 0x05, 0x09, 0x72,
    0x30, 0xCB, 0xE0, 0x37, 0x8C, 0xC5, 0x20, 0x30, 0xF5, 0xF4, 0x5B, 0x16, 0x00, 0x18, 0x1D, 0xB7,
    0x89, 0x78, 0x9C, 0x13, 0x10, 0x14, 0x14, 0xFC, 0xF2, 0xFF, 0xFF, 0xFB, 0x91, 0x82, 0x37, 0xED,
    0xDE, 0xBD, 0x1A, 0x00, 0xD2, 0x6D, 0xE7, 0xF2, 0x78, 0x9C, 0x63, 0x60, 0x80, 0x82, 0xBF, 0xF7,
    0xE7, 0x88, 0x42, 0x18, 0xFF, 0xFF, 0xFF, 0x97, 0x84, 0x31, 0xEE, 0x33, 0x41, 0x19, 0xFF, 0x79,
    0x60, 0x8C, 0x7C, 0x20, 0x63, 0xC7, 0x3F, 0x90, 0x1C, 0x48, 0x91, 0x03, 0x88, 0xC5, 0x08, 0x62,
    0x7D, 0x05, 0x32, 0x58, 0x40, 0x8C, 0x0F, 0x40, 0x06, 0x1B, 0x88, 0x71, 0x01, 0xC6, 0x38, 0x00,
    0x64, 0xB0, 0x93, 0xC2, 0xE0, 0x04, 0x31, 0x36, 0x00, 0x19, 0x7C, 0x20, 0xC6, 0x04, 0x20, 0xA3,
    0x1E, 0xC4, 0x30, 0x00, 0xD9, 0xEF, 0x05, 0xB2, 0xED, 0x27, 0x88, 0xF5, 0x1F, 0xC8, 0x68, 0x80,
    0x31, 0x18, 0x1A, 0xFF, 0x42, 0x19, 0x60, 0x8D, 0x20, 0x7A, 0x31, 0x54, 0x6A, 0x01, 0x4C, 0xCD,
    0x6F, 0x28, 0xC3, 0x01, 0x44, 0x89, 0x43, 0x4D, 0x8E, 0x87, 0x69, 0xE1, 0x45, 0xB1, 0x9D, 0x24,
    0x37, 0xC3, 0x7D, 0x0A, 0xF7, 0xFB, 0x77, 0x68, 0x68, 0x14, 0xFE, 0x87, 0x84, 0xCF, 0x2D, 0x10,
    0x7D, 0x1E, 0x16, 0x86, 0xF1, 0x30, 0x06, 0x37, 0x94, 0x71, 0x9E, 0x11, 0xC2, 0x78, 0x0F, 0x36,
    0xEE, 0xCE, 0xDE, 0x2A, 0x66, 0xB0, 0x4F, 0x00, 0xB6, 0x68, 0xBF, 0xA3, 0x78, 0x9C, 0x63, 0x60,
    0x60, 0x50, 0x50, 0x66, 0x40, 0x80, 0x45, 0xFF, 0xFF, 0xCF, 0x63, 0x02, 0xD2, 0x0E, 0x69, 0x69,
    0x62, 0x0C, 0x01, 0xFF, 0x81, 0xA0, 0x1E, 0xC8, 0x5B, 0xF0, 0xFF, 0xBF, 0x3E, 0xC3, 0x17, 0x10,
    0xEF, 0x3F, 0x17, 0x03, 0xC3, 0x85, 0xFF, 0xFF, 0xE5, 0x19, 0xFE, 0x82, 0x79, 0xE7, 0x19, 0x41,
    0xC2, 0xFC, 0x60, 0x85, 0x40, 0xD0, 0xD7, 0x0A, 0x24, 0x78, 0x17, 0xFC, 0x47, 0x02, 0x9C, 0x0F,
    0xFE, 0xFF, 0xBF, 0x2F, 0x72, 0x05, 0xCA, 0x63, 0xFE, 0x08, 0x32, 0x89, 0xE1, 0x17, 0x98, 0xB3,
    0x9F, 0xE1, 0xD3, 0xFF, 0xFF, 0x3C, 0x0C, 0x0C, 0x05, 0x60, 0x9E, 0x1C, 0x88, 0x07, 0x34, 0x9D,
    0x01, 0xA4, 0xF6, 0x3E, 0x13, 0x83, 0x81, 0xB1, 0x31, 0x23, 0xC8, 0x45, 0xDB, 0xFE, 0xED, 0x67,
    0x63, 0x40, 0x03, 0x00, 0xC8, 0x31, 0x5F, 0xA4,
};
const GFXglyph InterBold24Glyphs[] = {
    { 0, 0, 12, 0, 0, 8, 0 }, //  
    { 10, 38, 16, 3, 37, 102, 8 }, // !
    { 16, 15, 20, 2, 37, 34, 110 }, // "
    { 32, 37, 32, 0, 37, 259, 144 }, // #
    { 30, 46, 33, 1, 41, 296, 403 }, // $
    { 35, 40, 43, 4, 38, 364, 699 }, // %
    { 32, 38, 34, 2, 37, 290, 1063 }, // &
    { 6, 15, 10, 2, 37, 19, 1353 }, // '
    { 16, 46, 20, 4, 38, 179, 1372 }, // (
    { 15, 46, 20, 1, 38, 165, 1551 }, // )
    { 21, 22, 28, 4, 37, 159, 1716 }, // *
    { 26, 27, 34, 4, 28, 58, 1875 }, // +
    { 10, 14, 15, 2, 5, 71, 1933 }, // ,
    { 18, 7, 23, 3, 18, 20, 2004 }, // -
    { 9, 10, 15, 3, 9, 52, 2024 }, // .
    { 19, 45, 20, 0, 39, 193, 2076 }, // /
    { 30, 38, 34, 2, 37, 277, 2269 }, // 0
    { 17, 37, 24, 2, 37, 72, 2546 }, // 1
    { 27, 37, 32, 2, 37, 205, 2618 }, // 2
    { 29, 38, 33, 2, 37, 279, 2823 }, // 3
    { 30, 37, 34, 2, 37, 171, 3102 }, // 4
    { 27, 38, 32, 3, 37, 254, 3273 }, // 5
    { 29, 38, 33, 2, 37, 294, 3527 }, // 6
    { 27, 37, 30, 1, 37, 89, 3821 }, // 7
    { 29, 38, 33, 2, 37, 307, 3910 }, // 8
    { 29, 38, 33, 2, 37, 301, 4217 }, // 9
    { 9, 29, 15, 3, 28, 87, 4518 }, // :
    { 11, 37, 15, 2, 28, 119, 4605 }, // ;
    { 26, 29, 34, 4, 29, 150, 4724 }, // <
    { 26, 19, 34, 4, 24, 39, 4874 }, // =
    { 26, 29, 34, 4, 29, 149, 4913 }, // >
    { 25, 38, 28, 1, 37, 221, 5062 }, // ?
    { 47, 48, 52, 3, 37, 519, 5283 }, // @
    { 36, 37, 37, 1, 37, 266, 5802 }, // A
    { 29, 37, 33, 3, 37, 198, 6068 }, // B
    { 34, 38, 38, 2, 37, 288, 6266 }, // C
    { 31, 37, 36, 3, 37, 205, 6554 }, // D
    { 25, 37, 31, 3, 37, 46, 6759 }, // E
    { 25, 37, 29, 3, 37, 41, 6805 }, // F
    { 34, 38, 38, 2, 37, 292, 6846 }, // G
    { 32, 37, 37, 3, 37, 49, 7138 }, // H
    { 8, 37, 14, 3, 37, 18, 7187 }, // I
    { 25, 38, 29, 1, 37, 123, 7205 }, // J
    { 31, 37, 34, 3, 37, 206, 7328 }, // K
    { 24, 37, 28, 3, 37, 34, 7534 }, // L
    { 40, 37, 46, 3, 37, 233, 7568 }, // M
    { 31, 37, 37, 3, 37, 164, 7801 }, // N
    { 35, 38, 39, 2, 37, 306, 7965 }, // O
    { 28, 37, 32, 3, 37, 141, 8271 }, // P
    { 35, 40, 39, 2, 37, 328, 8412 }, // Q
    { 29, 37, 33, 3, 37, 197, 8740 }, // R
    { 30, 38, 33, 1, 37, 276, 8937 }, // S
    { 31, 37, 33, 1, 37, 34, 9213 }, // T
    { 31, 38, 36, 3, 37, 147, 9247 }, // U
    { 36, 37, 37, 1, 37, 285, 9394 }, // V
    { 51, 37, 52, 0, 37, 401, 9679 }, // W
    { 34, 37, 36, 1, 37, 283, 10080 }, // X
    { 35, 37, 36, 1, 37, 215, 10363 }, // Y
    { 29, 37, 33, 2, 37, 133, 10578 }, // Z
    { 15, 46, 20, 5, 38, 43, 10711 }, // [
    { 19, 45, 20, 0, 39, 178, 10754 }, // <backslash>
    { 15, 46, 20, 1, 38, 43, 10932 }, // ]
    { 22, 17, 24, 1, 36, 134, 10975 }, // ^
    { 25, 6, 24, -1, 0, 20, 11109 }, // _
    { 11, 9, 25, 7, 39, 54, 11129 }, // `
    { 26, 29, 29, 1, 28, 215, 11183 }, // a
    { 27, 38, 32, 3, 37, 222, 11398 }, // b
    { 27, 29, 29, 1, 28, 205, 11620 }, // c
    { 27, 38, 32, 2, 37, 214, 11825 }, // d
    { 27, 29, 30, 1, 28, 207, 12039 }, // e
    { 19, 39, 19, 0, 39, 100, 12246 }, // f
    { 27, 39, 32, 2, 28, 282, 12346 }, // g
    { 26, 37, 31, 3, 37, 112, 12628 }, // h
    { 9, 39, 14, 2, 39, 60, 12740 }, // i
    { 13, 50, 14, -2, 39, 117, 12800 }, // j
    { 26, 37, 29, 3, 37, 165, 12917 }, // k
    { 8, 37, 14, 3, 37, 18, 13082 }, // l
    { 40, 28, 46, 3, 28, 148, 13100 }, // m
    { 26, 28, 31, 3, 28, 107, 13248 }, // n
    { 28, 29, 31, 1, 28, 214, 13355 }, // o
    { 27, 39, 32, 3, 28, 223, 13569 }, // p
    { 27, 39, 32, 2, 28, 217, 13792 }, // q
    { 17, 28, 20, 3, 28, 70, 14009 }, // r
    { 26, 29, 28, 1, 28, 213, 14079 }, // s
    { 18, 35, 19, 1, 34, 97, 14292 }, // t
    { 26, 29, 31, 3, 28, 117, 14389 }, // u
    { 29, 28, 29, 0, 28, 215, 14506 }, // v
    { 42, 28, 43, 0, 28, 296, 14721 }, // w
    { 27, 28, 29, 1, 28, 207, 15017 }, // x
    { 29, 39, 29, 0, 28, 276, 15224 }, // y
    { 24, 28, 29, 2, 28, 116, 15500 }, // z
    { 19, 46, 20, 1, 38, 177, 15616 }, // {
    { 8, 61, 19, 5, 49, 23, 15793 }, // |
    { 18, 46, 20, 1, 38, 164, 15816 }, // }
    { 28, 13, 34, 3, 21, 124, 15980 }, // ~
};
const UnicodeInterval InterBold24Intervals[] = {
    { 0x20, 0x7E, 0x0 },
};
const GFXfont InterBold24 = {
    (uint8_t*)InterBold24Bitmaps,
    (GFXglyph*)InterBold24Glyphs,
    (UnicodeInterval*)InterBold24Intervals,
    1,
    1,
    61,
    49,
    -13,
};
